country,state,city,ibgeID,cod_RegiaoDeSaude,name_RegiaoDeSaude,deaths,totalCases,deaths_per_100k_inhabitants,totalCases_per_100k_inhabitants,deaths_by_totalCases,_source,date,newCases,newDeaths,last_info_date,lat,lon
Brazil,SP,Adamantina/SP,3500105,35091,Adamantina,115,3533,327.53268,10062.37362,0.03255,MS,2021-07-14,6,2,2021-07-14,-21.6866517,-51.0762975
Brazil,SP,Adolfo/SP,3500204,35156,José Bonifácio,15,546,422.05965,15362.9713,0.02747,MS,2021-07-14,0,1,2021-07-14,-21.2356597,-49.6441918
Brazil,SP,Aguaí/SP,3500303,35142,Mantiqueira,98,3277,267.40886,8941.82493,0.02991,MS,2021-07-14,13,1,2021-07-14,-22.0592036,-46.979384
Brazil,SP,Agudos/SP,3500709,35062,Bauru,102,4072,272.71998,10887.40943,0.02505,MS,2021-07-14,24,0,2021-07-14,-22.471162,-48.987822
Brazil,SP,Alambari/SP,3500758,35161,Itapetininga,11,597,179.47463,9740.57758,0.01843,MS,2021-07-14,3,1,2021-07-14,-23.550338,-47.897971
Brazil,SP,Alfredo Marcondes/SP,3500808,35112,Alta Sorocabana,12,250,286.80688,5975.1434,0.048,MS,2021-07-14,0,0,2021-07-14,-21.9527,-51.413956
Brazil,SP,Altair/SP,3500907,35051,Norte - Barretos,12,266,286.66985,6354.51505,0.04511,MS,2021-07-14,2,0,2021-07-14,-20.5238955,-49.0606135
Brazil,SP,Altinópolis/SP,3501004,35133,Vale das Cachoeiras,42,827,259.21126,5103.99309,0.05079,MS,2021-07-14,9,0,2021-07-14,-21.021364,-47.3712
Brazil,SP,Alto Alegre/SP,3501103,35023,Consórcios do DRS II,20,367,489.23679,8977.49511,0.0545,MS,2021-07-14,0,0,2021-07-14,-21.5820592,-50.1661976
Brazil,SP,Alumínio/SP,3501152,35163,Sorocaba,44,1506,234.45409,8024.72425,0.02922,MS,2021-07-14,1,0,2021-07-14,-23.5203479,-47.2575256
Brazil,SP,Alvinlândia/SP,3501509,35093,Marília,9,140,278.03522,4324.99228,0.06429,MS,2021-07-14,0,0,2021-07-14,-22.4431852,-49.7643596
Brazil,SP,Americana/SP,3501608,35072,Região Metropolitana de Campinas,731,23700,302.04365,9792.66005,0.03084,MS,2021-07-14,144,3,2021-07-14,-22.7392463,-47.3306032
Brazil,SP,Amparo/SP,3501905,35074,Circuito das Águas,134,6697,184.37745,9214.74469,0.02001,MS,2021-07-14,40,0,2021-07-14,-22.70111,-46.76444
Brazil,SP,Américo Brasiliense/SP,3501707,35031,Central do DRS III,89,3949,216.90388,9624.19575,0.02254,MS,2021-07-14,19,0,2021-07-14,-21.7297099,-48.1052092
Brazil,SP,Américo de Campos/SP,3501806,35157,Votuporanga,32,1051,535.02759,17572.31232,0.03045,MS,2021-07-14,4,0,2021-07-14,-20.298476,-49.735904
Brazil,SP,Analândia/SP,3502002,35104,Rio Claro,4,324,79.11392,6408.22785,0.01235,MS,2021-07-14,0,0,2021-07-14,-22.128917,-47.661939
Brazil,SP,Andradina/SP,3502101,35022,Lagos do DRS II,257,6285,449.28499,10987.37806,0.04089,MS,2021-07-14,40,0,2021-07-14,-20.896505,-51.3742765
Brazil,SP,Angatuba/SP,3502200,35161,Itapetininga,70,2850,274.73606,11185.68233,0.02456,MS,2021-07-14,23,0,2021-07-14,-23.4938938,-48.4110675
Brazil,SP,Anhembi/SP,3502309,35063,Polo Cuesta,6,287,87.98944,4208.82827,0.02091,MS,2021-07-14,1,0,2021-07-14,-22.7891096,-48.1316776
Brazil,SP,Anhumas/SP,3502408,35112,Alta Sorocabana,7,221,168.91892,5333.01158,0.03167,MS,2021-07-14,0,0,2021-07-14,-22.2956478,-51.3873401
Brazil,SP,Aparecida d'Oeste/SP,3502606,35153,Jales,15,744,360.75036,17893.21789,0.02016,MS,2021-07-14,5,0,2021-07-14,-20.4498109,-50.8808706
Brazil,SP,Aparecida/SP,3502507,35172,Circuito da Fé e Vale Histórico,96,2325,265.3033,6425.31436,0.04129,MS,2021-07-14,21,0,2021-07-14,-22.851552,-45.2340924
Brazil,SP,Apiaí/SP,3502705,35162,Itapeva,75,1526,309.58474,6299.01758,0.04915,MS,2021-07-14,50,0,2021-07-14,-24.5076527,-48.8461582
Brazil,SP,Aramina/SP,3503000,35083,Alta Mogiana,17,328,300.61892,5800.17683,0.05183,MS,2021-07-14,1,0,2021-07-14,-20.0876144,-47.789201
Brazil,SP,Arandu/SP,3503109,35061,Vale do Jurumirim,13,576,204.24195,9049.4894,0.02257,MS,2021-07-14,9,0,2021-07-14,-23.1345103,-49.0545651
Brazil,SP,Arapeí/SP,3503158,35172,Circuito da Fé e Vale Histórico,3,225,121.95122,9146.34146,0.01333,MS,2021-07-14,0,0,2021-07-14,-22.6738889,-44.4477778
Brazil,SP,Araraquara/SP,3503208,35031,Central do DRS III,457,22611,191.74369,9486.9073,0.02021,MS,2021-07-14,78,3,2021-07-14,-21.7886713,-48.1773096
Brazil,SP,Araras/SP,3503307,35101,Araras,363,16371,267.88482,12081.38385,0.02217,MS,2021-07-14,58,1,2021-07-14,-22.3569477,-47.3838889
Brazil,SP,Araçariguama/SP,3502754,35163,Sorocaba,62,1884,271.2161,8241.46982,0.03291,MS,2021-07-14,22,1,2021-07-14,-23.438611,-47.061389
Brazil,SP,Araçatuba/SP,3502804,35021,Central do DRS II,804,26866,405.79622,13559.85242,0.02993,MS,2021-07-14,153,3,2021-07-14,-21.207992,-50.4390225
Brazil,SP,Araçoiaba da Serra/SP,3502903,35163,Sorocaba,74,2823,212.79043,8117.66736,0.02621,MS,2021-07-14,5,0,2021-07-14,-23.5045367,-47.6168158
Brazil,SP,Arco-Íris/SP,3503356,35095,Tupã,8,147,451.21263,8291.03215,0.05442,MS,2021-07-14,2,0,2021-07-14,-21.7741308,-50.4668814
Brazil,SP,Arealva/SP,3503406,35062,Bauru,17,965,197.37606,11203.99396,0.01762,MS,2021-07-14,2,0,2021-07-14,-22.0301906,-48.9111936
Brazil,SP,Areias/SP,3503505,35172,Circuito da Fé e Vale Histórico,1,336,25.66735,8624.22998,0.00298,MS,2021-07-14,2,0,2021-07-14,-22.5800929,-44.6975127
Brazil,SP,Areiópolis/SP,3503604,35063,Polo Cuesta,19,1331,170.28141,11928.66105,0.01427,MS,2021-07-14,6,0,2021-07-14,-22.6758064,-48.6673653
Brazil,SP,Ariranha/SP,3503703,35151,Catanduva,23,925,235.6316,9476.48806,0.02486,MS,2021-07-14,2,0,2021-07-14,-21.18716,-48.790418
Brazil,SP,Artur Nogueira/SP,3503802,35072,Região Metropolitana de Campinas,125,4923,225.8764,8895.91615,0.02539,MS,2021-07-14,37,0,2021-07-14,-22.572737,-47.172679
Brazil,SP,Arujá/SP,3503901,35011,Alto do Tietê,302,7529,331.29655,8259.37668,0.04011,MS,2021-07-14,15,0,2021-07-14,-23.396266,-46.3175449
Brazil,SP,Aspásia/SP,3503950,35153,Jales,6,191,330.033,10506.05061,0.03141,MS,2021-07-14,1,0,2021-07-14,-20.160028,-50.728046
Brazil,SP,Assis/SP,3504008,35092,Assis,383,10927,364.45992,10398.05114,0.03505,MS,2021-07-14,33,2,2021-07-14,-22.6620892,-50.420623
Brazil,SP,Atibaia/SP,3504107,35071,Bragança,254,11234,176.28116,7796.62429,0.02261,MS,2021-07-14,12,1,2021-07-14,-23.1177393,-46.5547861
Brazil,SP,Auriflama/SP,3504206,35021,Central do DRS II,68,1950,445.81394,12784.37029,0.03487,MS,2021-07-14,6,0,2021-07-14,-20.6840418,-50.5554616
Brazil,SP,Avanhandava/SP,3504404,35023,Consórcios do DRS II,40,1045,288.62111,7540.22657,0.03828,MS,2021-07-14,14,2,2021-07-14,-21.4603331,-49.9465156
Brazil,SP,Avaré/SP,3504503,35061,Vale do Jurumirim,242,10547,265.2578,11560.63662,0.02294,MS,2021-07-14,50,1,2021-07-14,-23.1045215,-48.9259103
Brazil,SP,Avaí/SP,3504305,35062,Bauru,12,464,220.75055,8535.68801,0.02586,MS,2021-07-14,0,0,2021-07-14,-22.1564662,-49.3316395
Brazil,SP,Bady Bassitt/SP,3504602,35155,São José do Rio Preto,74,3786,416.64321,21316.36732,0.01955,MS,2021-07-14,34,0,2021-07-14,-20.9178969,-49.4517911
Brazil,SP,Balbinos/SP,3504701,35062,Bauru,4,352,67.40816,5931.91776,0.01136,MS,2021-07-14,0,0,2021-07-14,-21.9006253,-49.3583966
Brazil,SP,Bananal/SP,3504909,35172,Circuito da Fé e Vale Histórico,3,964,27.29009,8769.21677,0.00311,MS,2021-07-14,0,0,2021-07-14,-22.6828195,-44.3221095
Brazil,SP,Barbosa/SP,3505104,35023,Consórcios do DRS II,13,658,174.07606,8810.92662,0.01976,MS,2021-07-14,8,0,2021-07-14,-21.265661,-49.951816
Brazil,SP,Bariri/SP,3505203,35064,Jaú,121,2997,340.28911,8428.48304,0.04037,MS,2021-07-14,15,0,2021-07-14,-22.0746355,-48.7394852
Brazil,SP,Barra Bonita/SP,3505302,35064,Jaú,97,3391,268.50468,9386.59137,0.02861,MS,2021-07-14,16,1,2021-07-14,-22.490859,-48.558349
Brazil,SP,Barra do Chapéu/SP,3505351,35162,Itapeva,3,383,52.08333,6649.30556,0.00783,MS,2021-07-14,12,0,2021-07-14,-24.472203,-49.023784
Brazil,SP,Barra do Turvo/SP,3505401,35121,Vale do Ribeira,18,599,235.84906,7848.53249,0.03005,MS,2021-07-14,0,0,2021-07-14,-24.756421,-48.5056942
Brazil,SP,Barretos/SP,3505500,35051,Norte - Barretos,499,15885,406.24262,12932.19249,0.03141,MS,2021-07-14,121,3,2021-07-14,-20.5531437,-48.5697509
Brazil,SP,Barrinha/SP,3505609,35131,Horizonte Verde,67,1640,201.92887,4942.73659,0.04085,MS,2021-07-14,3,2,2021-07-14,-21.1898849,-48.1550642
Brazil,SP,Barueri/SP,3505708,35014,Rota dos Bandeirantes,1051,30312,379.44704,10943.67143,0.03467,MS,2021-07-14,64,7,2021-07-14,-23.5112184,-46.8764612
Brazil,SP,Barão de Antonina/SP,3505005,35061,Vale do Jurumirim,8,455,228.70212,13007.43282,0.01758,MS,2021-07-14,9,0,2021-07-14,-23.6295651,-49.5632104
Brazil,SP,Bastos/SP,3505807,35095,Tupã,37,1587,176.58569,7574.0944,0.02331,MS,2021-07-14,45,1,2021-07-14,-21.9222474,-50.7317727
Brazil,SP,Batatais/SP,3505906,35133,Vale das Cachoeiras,159,4014,252.4611,6373.45189,0.03961,MS,2021-07-14,112,1,2021-07-14,-20.892867,-47.592149
Brazil,SP,Bauru/SP,3506003,35062,Bauru,1115,48342,293.96489,12745.15749,0.02306,MS,2021-07-14,210,4,2021-07-14,-22.3218102,-49.0705863
Brazil,SP,Bebedouro/SP,3506102,35052,Sul - Barretos,158,3978,203.72639,5129.2631,0.03972,MS,2021-07-14,4,1,2021-07-14,-20.949077,-48.479083
Brazil,SP,Bento de Abreu/SP,3506201,35021,Central do DRS II,2,343,66.55574,11414.30948,0.00583,MS,2021-07-14,5,0,2021-07-14,-21.2707225,-50.8120444
Brazil,SP,Bernardino de Campos/SP,3506300,35094,Ourinhos,25,807,224.05449,7232.47894,0.03098,MS,2021-07-14,2,0,2021-07-14,-23.0140216,-49.4760724
Brazil,SP,Bertioga/SP,3506359,35041,Baixada Santista,158,5722,244.11724,8840.75213,0.02761,MS,2021-07-14,30,2,2021-07-14,-23.848568,-46.139586
Brazil,SP,Bilac/SP,3506409,35021,Central do DRS II,17,867,209.43698,10681.28619,0.01961,MS,2021-07-14,4,0,2021-07-14,-21.403962,-50.47464
Brazil,SP,Birigui/SP,3506508,35023,Consórcios do DRS II,534,15846,427.60023,12688.6766,0.0337,MS,2021-07-14,130,2,2021-07-14,-21.2908491,-50.34144
Brazil,SP,Biritiba Mirim/SP,3506607,35011,Alto do Tietê,99,1435,300.58295,4356.93466,0.06899,MS,2021-07-14,0,0,2021-07-14,-23.5697765,-46.0407456
Brazil,SP,Boa Esperança do Sul/SP,3506706,35031,Central do DRS III,18,1528,119.85617,10174.45732,0.01178,MS,2021-07-14,33,0,2021-07-14,-21.9930206,-48.3917372
Brazil,SP,Bocaina/SP,3506805,35064,Jaú,33,1278,265.01767,10263.4115,0.02582,MS,2021-07-14,4,0,2021-07-14,-22.1421831,-48.522276
Brazil,SP,Bofete/SP,3506904,35063,Polo Cuesta,15,852,125.82837,7147.05142,0.01761,MS,2021-07-14,10,0,2021-07-14,-23.1019554,-48.2610535
Brazil,SP,Boituva/SP,3507001,35163,Sorocaba,177,6238,284.70323,10033.77835,0.02837,MS,2021-07-14,14,1,2021-07-14,-23.2838893,-47.6738231
Brazil,SP,Bom Jesus dos Perdões/SP,3507100,35071,Bragança,23,2094,88.5126,8058.49529,0.01098,MS,2021-07-14,3,0,2021-07-14,-23.1353864,-46.4648052
Brazil,SP,Bom Sucesso de Itararé/SP,3507159,35162,Itapeva,6,219,150.60241,5496.98795,0.0274,MS,2021-07-14,3,0,2021-07-14,-24.3190016,-49.1446207
Brazil,SP,Boracéia/SP,3507308,35064,Jaú,22,942,451.93098,19350.86278,0.02335,MS,2021-07-14,1,0,2021-07-14,-22.195355,-48.7801925
Brazil,SP,Borborema/SP,3507407,35032,Centro Oeste do DRS III,52,1635,321.70255,10115.07053,0.0318,MS,2021-07-14,3,0,2021-07-14,-21.6212706,-49.074135
Brazil,SP,Borebi/SP,3507456,35062,Bauru,3,264,111.81513,9839.73164,0.01136,MS,2021-07-14,2,0,2021-07-14,-22.5700178,-48.9714871
Brazil,SP,Borá/SP,3507209,35092,Assis,1,125,119.33174,14916.46778,0.008,MS,2021-07-14,1,0,2021-07-14,-22.2701088,-50.544407
Brazil,SP,Botucatu/SP,3507506,35063,Polo Cuesta,282,17233,190.37332,11633.70013,0.01636,MS,2021-07-14,63,0,2021-07-14,-22.8879628,-48.4410712
Brazil,SP,Bragança Paulista/SP,3507605,35071,Bragança,488,18270,286.16162,10713.46895,0.02671,MS,2021-07-14,237,1,2021-07-14,-22.9520235,-46.5418586
Brazil,SP,Braúna/SP,3507704,35023,Consórcios do DRS II,23,598,400.62707,10416.30378,0.03846,MS,2021-07-14,1,0,2021-07-14,-21.5015319,-50.3175246
Brazil,SP,Brejo Alegre/SP,3507753,35023,Consórcios do DRS II,13,369,449.98269,12772.58567,0.03523,MS,2021-07-14,1,0,2021-07-14,-21.1671191,-50.1850393
Brazil,SP,Brodowski/SP,3507803,35133,Vale das Cachoeiras,71,2659,280.88776,10519.44455,0.0267,MS,2021-07-14,6,0,2021-07-14,-20.984532,-47.657217
Brazil,SP,Brotas/SP,3507902,35064,Jaú,50,1554,202.95503,6307.84218,0.03218,MS,2021-07-14,35,1,2021-07-14,-22.2840884,-48.1267265
Brazil,SP,Buri/SP,3508009,35162,Itapeva,80,2505,400.70123,12546.95718,0.03194,MS,2021-07-14,3,0,2021-07-14,-23.79849,-48.598924
Brazil,SP,Buritama/SP,3508108,35023,Consórcios do DRS II,66,2376,381.92234,13749.20433,0.02778,MS,2021-07-14,6,1,2021-07-14,-21.0664017,-50.1448077
Brazil,SP,Buritizal/SP,3508207,35083,Alta Mogiana,10,313,221.53301,6933.98316,0.03195,MS,2021-07-14,4,0,2021-07-14,-20.1933264,-47.7097165
Brazil,SP,Bálsamo/SP,3504800,35155,São José do Rio Preto,63,1703,689.35332,18634.4239,0.03699,MS,2021-07-14,10,0,2021-07-14,-20.7343722,-49.5807484
Brazil,SP,Cabreúva/SP,3508405,35073,Jundiaí,96,3824,190.36665,7582.93839,0.0251,MS,2021-07-14,51,0,2021-07-14,-23.3075813,-47.1324417
Brazil,SP,Cabrália Paulista/SP,3508306,35062,Bauru,7,411,164.97761,9686.54254,0.01703,MS,2021-07-14,0,0,2021-07-14,-22.4562909,-49.3385645
Brazil,SP,Cachoeira Paulista/SP,3508603,35172,Circuito da Fé e Vale Histórico,40,2479,119.11498,7382.15062,0.01614,MS,2021-07-14,15,0,2021-07-14,-22.666498,-45.015384
Brazil,SP,Caconde/SP,3508702,35143,Rio Pardo,36,1356,189.38398,7133.4631,0.02655,MS,2021-07-14,11,0,2021-07-14,-21.527995,-46.643659
Brazil,SP,Cafelândia/SP,3508801,35065,Lins,36,764,201.75979,4281.79118,0.04712,MS,2021-07-14,4,0,2021-07-14,-21.8054355,-49.6030627
Brazil,SP,Caiabu/SP,3508900,35112,Alta Sorocabana,7,295,166.94491,7035.53542,0.02373,MS,2021-07-14,8,0,2021-07-14,-22.0143038,-51.2356597
Brazil,SP,Caieiras/SP,3509007,35012,Franco da Rocha,298,8473,289.95378,8244.22282,0.03517,MS,2021-07-14,26,0,2021-07-14,-23.3644621,-46.7484765
Brazil,SP,Caiuá/SP,3509106,35114,Extremo Oeste Paulista,8,376,134.54423,6323.57888,0.02128,MS,2021-07-14,8,0,2021-07-14,-21.8319357,-51.9887179
Brazil,SP,Cajamar/SP,3509205,35012,Franco da Rocha,227,4756,291.2721,6102.59964,0.04773,MS,2021-07-14,22,0,2021-07-14,-23.3561111,-46.8769444
Brazil,SP,Cajati/SP,3509254,35121,Vale do Ribeira,100,3440,350.95108,12072.71706,0.02907,MS,2021-07-14,107,0,2021-07-14,-24.7272376,-48.1077914
Brazil,SP,Cajobi/SP,3509304,35051,Norte - Barretos,31,1014,292.56323,9569.64892,0.03057,MS,2021-07-14,0,0,2021-07-14,-20.8776238,-48.8106972
Brazil,SP,Cajuru/SP,3509403,35133,Vale das Cachoeiras,39,1839,147.76645,6967.7566,0.02121,MS,2021-07-14,8,0,2021-07-14,-21.2759978,-47.3046035
Brazil,SP,Campina do Monte Alegre/SP,3509452,35161,Itapetininga,16,566,264.15717,9344.56001,0.02827,MS,2021-07-14,1,0,2021-07-14,-23.5935653,-48.4801876
Brazil,SP,Campinas/SP,3509502,35072,Região Metropolitana de Campinas,3923,98283,323.202,8097.18634,0.03992,MS,2021-07-14,408,13,2021-07-14,-22.90556,-47.06083
Brazil,SP,Campo Limpo Paulista/SP,3509601,35073,Jundiaí,251,5280,293.42654,6172.47869,0.04754,MS,2021-07-14,49,1,2021-07-14,-23.207791,-46.788919
Brazil,SP,Campos Novos Paulista/SP,3509809,35093,Marília,10,284,200.12007,5683.41005,0.03521,MS,2021-07-14,2,0,2021-07-14,-22.601952,-49.998726
Brazil,SP,Campos do Jordão/SP,3509700,35174,Vale do Paraíba/Região Serrana,120,4985,228.98578,9512.4511,0.02407,MS,2021-07-14,19,0,2021-07-14,-22.7395263,-45.5912829
Brazil,SP,Cananéia/SP,3509908,35121,Vale do Ribeira,29,706,231.24153,5629.53512,0.04108,MS,2021-07-14,16,0,2021-07-14,-25.0104609,-47.9315628
Brazil,SP,Canas/SP,3509957,35172,Circuito da Fé e Vale Histórico,4,210,76.86395,4035.35742,0.01905,MS,2021-07-14,0,0,2021-07-14,-22.7029347,-45.0526508
Brazil,SP,Canitar/SP,3510153,35094,Ourinhos,13,837,245.65382,15816.32653,0.01553,MS,2021-07-14,5,0,2021-07-14,-23.0066616,-49.7840632
Brazil,SP,Capela do Alto/SP,3510302,35163,Sorocaba,31,1548,147.72457,7376.69764,0.02003,MS,2021-07-14,31,0,2021-07-14,-23.4704798,-47.7352309
Brazil,SP,Capivari/SP,3510401,35103,Piracicaba,90,4746,159.63391,8418.02799,0.01896,MS,2021-07-14,35,0,2021-07-14,-22.995144,-47.50715
Brazil,SP,Capão Bonito/SP,3510203,35161,Itapetininga,70,5561,148.56318,11802.28363,0.01259,MS,2021-07-14,2,0,2021-07-14,-24.0048759,-48.3489848
Brazil,SP,Caraguatatuba/SP,3510500,35173,Litoral Norte,443,16853,359.02714,13658.42984,0.02629,MS,2021-07-14,88,1,2021-07-14,-23.62028,-45.41306
Brazil,SP,Carapicuíba/SP,3510609,35014,Rota dos Bandeirantes,1033,30357,256.2112,7529.33531,0.03403,MS,2021-07-14,24,5,2021-07-14,-23.5234673,-46.8406808
Brazil,SP,Cardoso/SP,3510708,35157,Votuporanga,37,1126,299.6194,9118.14722,0.03286,MS,2021-07-14,4,0,2021-07-14,-20.080447,-49.9139767
Brazil,SP,Casa Branca/SP,3510807,35143,Rio Pardo,80,2863,262.1232,9380.73394,0.02794,MS,2021-07-14,15,0,2021-07-14,-21.7743137,-47.0852175
Brazil,SP,Castilho/SP,3511003,35022,Lagos do DRS II,76,2182,357.36117,10260.02727,0.03483,MS,2021-07-14,7,0,2021-07-14,-20.8695636,-51.4877792
Brazil,SP,Catanduva/SP,3511102,35151,Catanduva,565,13121,461.23579,10711.28273,0.04306,MS,2021-07-14,50,2,2021-07-14,-21.1331035,-48.9712817
Brazil,SP,Catiguá/SP,3511201,35151,Catanduva,30,810,381.92234,10311.90325,0.03704,MS,2021-07-14,0,0,2021-07-14,-21.0491485,-49.0578923
Brazil,SP,Caçapava/SP,3508504,35171,Alto Vale do Paraíba,261,8393,274.6848,8833.06321,0.0311,MS,2021-07-14,25,1,2021-07-14,-23.099204,-45.707645
Brazil,SP,Cedral/SP,3511300,35155,São José do Rio Preto,27,1186,288.89364,12689.92082,0.02277,MS,2021-07-14,3,0,2021-07-14,-20.9028433,-49.2699665
Brazil,SP,Cerqueira César/SP,3511409,35061,Vale do Jurumirim,43,2013,212.96617,9969.78852,0.02136,MS,2021-07-14,40,1,2021-07-14,-23.0353135,-49.1650519
Brazil,SP,Cerquilho/SP,3511508,35161,Itapetininga,127,5910,255.00984,11866.99329,0.02149,MS,2021-07-14,31,1,2021-07-14,-23.1626556,-47.7433878
Brazil,SP,Cesário Lange/SP,3511607,35161,Itapetininga,61,2109,331.97279,11477.55102,0.02892,MS,2021-07-14,1,0,2021-07-14,-23.226035,-47.954453
Brazil,SP,Charqueada/SP,3511706,35103,Piracicaba,42,1257,241.83797,7237.86492,0.03341,MS,2021-07-14,0,0,2021-07-14,-22.50958,-47.775468
Brazil,SP,Chavantes/SP,3557204,35094,Ourinhos,37,988,297.95458,7956.19262,0.03745,MS,2021-07-14,10,0,2021-07-14,-23.0406405,-49.7071698
Brazil,SP,Clementina/SP,3511904,35023,Consórcios do DRS II,15,914,171.29154,10437.36439,0.01641,MS,2021-07-14,1,0,2021-07-14,-21.5594631,-50.448624
Brazil,SP,Colina/SP,3512001,35051,Norte - Barretos,48,1315,258.96952,7094.68573,0.0365,MS,2021-07-14,3,0,2021-07-14,-20.711443,-48.53867
Brazil,SP,Colômbia/SP,3512100,35051,Norte - Barretos,12,608,193.05019,9781.20978,0.01974,MS,2021-07-14,6,0,2021-07-14,-20.1774291,-48.6872822
Brazil,SP,Conchal/SP,3512209,35101,Araras,68,2617,240.51215,9256.18081,0.02598,MS,2021-07-14,18,1,2021-07-14,-22.337512,-47.172927
Brazil,SP,Conchas/SP,3512308,35063,Polo Cuesta,63,2188,349.63095,12142.73822,0.02879,MS,2021-07-14,0,1,2021-07-14,-23.0133538,-48.0077595
Brazil,SP,Cordeirópolis/SP,3512407,35102,Limeira,88,5321,354.46709,21433.1749,0.01654,MS,2021-07-14,52,0,2021-07-14,-22.4768324,-47.4550551
Brazil,SP,Coroados/SP,3512506,35023,Consórcios do DRS II,16,644,261.05401,10507.42372,0.02484,MS,2021-07-14,1,0,2021-07-14,-21.3554634,-50.2853589
Brazil,SP,Coronel Macedo/SP,3512605,35061,Vale do Jurumirim,20,544,431.49946,11736.78533,0.03676,MS,2021-07-14,0,0,2021-07-14,-23.6304001,-49.313234
Brazil,SP,Corumbataí/SP,3512704,35104,Rio Claro,7,390,172.24409,9596.45669,0.01795,MS,2021-07-14,1,0,2021-07-14,-22.2210521,-47.6249638
Brazil,SP,Cosmorama/SP,3512902,35157,Votuporanga,36,646,493.28583,8851.7402,0.05573,MS,2021-07-14,0,0,2021-07-14,-20.475472,-49.782747
Brazil,SP,Cosmópolis/SP,3512803,35072,Região Metropolitana de Campinas,164,7121,223.20821,9691.86379,0.02303,MS,2021-07-14,56,0,2021-07-14,-22.6437398,-47.1972086
Brazil,SP,Cotia/SP,3513009,35013,Mananciais,561,14038,221.20753,5535.31434,0.03996,MS,2021-07-14,27,0,2021-07-14,-23.603889,-46.918889
Brazil,SP,Cravinhos/SP,3513108,35132,Aquífero Guarani,89,1987,250.14756,5584.75505,0.04479,MS,2021-07-14,17,0,2021-07-14,-21.340278,-47.729444
Brazil,SP,Cristais Paulista/SP,3513207,35081,Três Colinas,11,1112,126.17573,12755.21909,0.00989,MS,2021-07-14,0,0,2021-07-14,-20.403569,-47.420915
Brazil,SP,Cruzeiro/SP,3513405,35172,Circuito da Fé e Vale Histórico,79,5931,95.67524,7182.90925,0.01332,MS,2021-07-14,5,0,2021-07-14,-22.5783685,-44.9642044
Brazil,SP,Cruzália/SP,3513306,35092,Assis,4,158,195.50342,7722.38514,0.02532,MS,2021-07-14,1,0,2021-07-14,-22.7434438,-50.7911037
Brazil,SP,Cubatão/SP,3513504,35041,Baixada Santista,440,12770,334.28046,9701.73066,0.03446,MS,2021-07-14,4,1,2021-07-14,-23.8857982,-46.4241869
Brazil,SP,Cunha/SP,3513603,35172,Circuito da Fé e Vale Histórico,10,836,46.60049,3895.8013,0.01196,MS,2021-07-14,3,0,2021-07-14,-23.07753,-44.9567436
Brazil,SP,Cássia dos Coqueiros/SP,3510906,35133,Vale das Cachoeiras,1,244,39.92016,9740.51896,0.0041,MS,2021-07-14,0,0,2021-07-14,-21.280082,-47.164327
Brazil,SP,Cândido Mota/SP,3510005,35092,Assis,147,4195,468.95936,13382.88777,0.03504,MS,2021-07-14,15,0,2021-07-14,-22.7434964,-50.38924
Brazil,SP,Cândido Rodrigues/SP,3510104,35033,Norte do DRS III,7,134,250.08932,4787.42408,0.05224,MS,2021-07-14,0,0,2021-07-14,-21.3255615,-48.6308798
Brazil,SP,Descalvado/SP,3513702,35034,Coração do DRS III,68,3568,200.53082,10521.96992,0.01906,MS,2021-07-14,15,0,2021-07-14,-21.9090404,-47.6203241
Brazil,SP,Diadema/SP,3513801,35015,Grande ABC,1201,24569,281.42479,5757.14048,0.04888,MS,2021-07-14,54,2,2021-07-14,-23.681347,-46.62052
Brazil,SP,Dirce Reis/SP,3513850,35153,Jales,3,161,166.75931,8949.41634,0.01863,MS,2021-07-14,0,0,2021-07-14,-20.4664067,-50.606276
Brazil,SP,Divinolândia/SP,3513900,35143,Rio Pardo,47,1290,423.95815,11636.29803,0.03643,MS,2021-07-14,5,0,2021-07-14,-21.6604584,-46.7371151
Brazil,SP,Dobrada/SP,3514007,35033,Norte do DRS III,8,577,88.79023,6403.99556,0.01386,MS,2021-07-14,4,0,2021-07-14,-21.5180904,-48.3938897
Brazil,SP,Dois Córregos/SP,3514106,35064,Jaú,39,1580,141.75632,5742.94853,0.02468,MS,2021-07-14,5,0,2021-07-14,-22.3697554,-48.3845315
Brazil,SP,Dolcinópolis/SP,3514205,35153,Jales,6,207,284.09091,9801.13636,0.02899,MS,2021-07-14,0,0,2021-07-14,-20.1230736,-50.513261
Brazil,SP,Dourado/SP,3514304,35034,Coração do DRS III,17,835,191.48457,9405.27146,0.02036,MS,2021-07-14,6,0,2021-07-14,-22.1124638,-48.3151079
Brazil,SP,Dracena/SP,3514403,35111,Alta Paulista,239,5238,508.04583,11134.49397,0.04563,MS,2021-07-14,56,0,2021-07-14,-21.4835523,-51.5334408
Brazil,SP,Duartina/SP,3514502,35062,Bauru,25,966,201.07778,7769.6453,0.02588,MS,2021-07-14,6,0,2021-07-14,-22.414562,-49.408355
Brazil,SP,Dumont/SP,3514601,35131,Horizonte Verde,21,1284,209.51811,12810.53577,0.01636,MS,2021-07-14,8,0,2021-07-14,-21.2391417,-47.9747665
Brazil,SP,Echaporã/SP,3514700,35093,Marília,25,730,412.26913,12038.25858,0.03425,MS,2021-07-14,2,2,2021-07-14,-22.4325855,-50.2037693
Brazil,SP,Eldorado/SP,3514809,35121,Vale do Ribeira,20,1266,128.66701,8144.62172,0.0158,MS,2021-07-14,16,0,2021-07-14,-24.522583,-48.1093489
Brazil,SP,Elias Fausto/SP,3514908,35103,Piracicaba,35,1360,195.13827,7582.51561,0.02574,MS,2021-07-14,4,0,2021-07-14,-23.0416538,-47.3718002
Brazil,SP,Elisiário/SP,3514924,35151,Catanduva,7,549,189.34271,14849.87828,0.01275,MS,2021-07-14,2,0,2021-07-14,-21.1673392,-49.1111015
Brazil,SP,Embaúba/SP,3514957,35151,Catanduva,8,103,326.66394,4205.79829,0.07767,MS,2021-07-14,0,0,2021-07-14,-20.9819513,-48.837455
Brazil,SP,Embu das Artes/SP,3515004,35013,Mananciais,550,9636,198.88983,3484.54988,0.05708,MS,2021-07-14,6,1,2021-07-14,-23.6495294,-46.8528497
Brazil,SP,Embu-Guaçu/SP,3515103,35013,Mananciais,197,4776,281.82716,6832.52028,0.04125,MS,2021-07-14,24,1,2021-07-14,-23.8317997,-46.8156204
Brazil,SP,Emilianópolis/SP,3515129,35112,Alta Sorocabana,7,358,216.91974,11093.89526,0.01955,MS,2021-07-14,2,0,2021-07-14,-21.831436,-51.483168
Brazil,SP,Engenheiro Coelho/SP,3515152,35102,Limeira,54,2473,254.12961,11638.19474,0.02184,MS,2021-07-14,19,0,2021-07-14,-22.4896659,-47.2119005
Brazil,SP,Espírito Santo do Pinhal/SP,3515186,35142,Mantiqueira,103,4577,231.61161,10292.10047,0.0225,MS,2021-07-14,21,2,2021-07-14,-22.190871,-46.74767
Brazil,SP,Espírito Santo do Turvo/SP,3515194,35094,Ourinhos,8,382,164.00164,7831.07831,0.02094,MS,2021-07-14,22,1,2021-07-14,-22.6939723,-49.4295067
Brazil,SP,Estiva Gerbi/SP,3557303,35141,Baixa Mogiana,30,749,262.99641,6566.1436,0.04005,MS,2021-07-14,4,0,2021-07-14,-22.2754831,-46.9525448
Brazil,SP,Estrela d'Oeste/SP,3515202,35154,Fernandópolis,27,1300,320.70317,15441.26381,0.02077,MS,2021-07-14,1,0,2021-07-14,-20.2860692,-50.3986216
Brazil,SP,Estrela do Norte/SP,3515301,35112,Alta Sorocabana,4,351,144.40433,12671.48014,0.0114,MS,2021-07-14,0,0,2021-07-14,-22.4886301,-51.6606857
Brazil,SP,Euclides da Cunha Paulista/SP,3515350,35115,Pontal do Paranapanema,14,346,150.13405,3710.45576,0.04046,MS,2021-07-14,2,0,2021-07-14,-22.55452,-52.592779
Brazil,SP,Fartura/SP,3515400,35061,Vale do Jurumirim,43,1833,267.57934,11406.34723,0.02346,MS,2021-07-14,36,2,2021-07-14,-23.390039,-49.5109023
Brazil,SP,Fernando Prestes/SP,3515608,35151,Catanduva,10,845,172.59234,14584.05247,0.01183,MS,2021-07-14,2,0,2021-07-14,-21.266061,-48.687384
Brazil,SP,Fernandópolis/SP,3515509,35154,Fernandópolis,286,10888,412.09187,15688.30869,0.02627,MS,2021-07-14,57,0,2021-07-14,-20.2825647,-50.2500762
Brazil,SP,Fernão/SP,3515657,35093,Marília,1,210,57.90388,12159.81471,0.00476,MS,2021-07-14,0,0,2021-07-14,-22.3595388,-49.5209504
Brazil,SP,Ferraz de Vasconcelos/SP,3515707,35011,Alto do Tietê,408,9655,207.63359,4913.48601,0.04226,MS,2021-07-14,11,2,2021-07-14,-23.541056,-46.37097
Brazil,SP,Flora Rica/SP,3515806,35111,Alta Paulista,4,121,279.72028,8461.53846,0.03306,MS,2021-07-14,0,0,2021-07-14,-21.6760063,-51.3804532
Brazil,SP,Floreal/SP,3515905,35157,Votuporanga,6,211,206.89655,7275.86207,0.02844,MS,2021-07-14,0,0,2021-07-14,-20.6767063,-50.1455638
Brazil,SP,Florínea/SP,3516101,35092,Assis,10,368,376.93178,13871.08933,0.02717,MS,2021-07-14,0,0,2021-07-14,-22.9016004,-50.7268005
Brazil,SP,Flórida Paulista/SP,3516002,35091,Adamantina,33,1230,223.12373,8316.43002,0.02683,MS,2021-07-14,5,0,2021-07-14,-21.614061,-51.1729548
Brazil,SP,Franca/SP,3516200,35081,Três Colinas,757,32440,212.6996,9114.89431,0.02334,MS,2021-07-14,178,2,2021-07-14,-20.5381768,-47.4009795
Brazil,SP,Francisco Morato/SP,3516309,35012,Franco da Rocha,423,10862,238.13143,6114.85478,0.03894,MS,2021-07-14,18,0,2021-07-14,-23.2817308,-46.7448996
Brazil,SP,Franco da Rocha/SP,3516408,35012,Franco da Rocha,355,11854,226.84866,7574.82811,0.02995,MS,2021-07-14,25,0,2021-07-14,-23.3328038,-46.724446
Brazil,SP,Gabriel Monteiro/SP,3516507,35023,Consórcios do DRS II,6,271,216.13833,9762.24784,0.02214,MS,2021-07-14,0,0,2021-07-14,-21.5299436,-50.5533059
Brazil,SP,Garça/SP,3516705,35093,Marília,122,4863,274.71909,10950.48301,0.02509,MS,2021-07-14,6,0,2021-07-14,-22.2125766,-49.6547994
Brazil,SP,Gastão Vidigal/SP,3516804,35157,Votuporanga,15,166,308.64198,3415.63786,0.09036,MS,2021-07-14,1,0,2021-07-14,-20.7952902,-50.1905016
Brazil,SP,Gavião Peixoto/SP,3516853,35031,Central do DRS III,19,1249,394.60021,25939.77155,0.01521,MS,2021-07-14,1,0,2021-07-14,-21.8377536,-48.492853
Brazil,SP,General Salgado/SP,3516903,35157,Votuporanga,33,952,303.81145,8764.50009,0.03466,MS,2021-07-14,21,0,2021-07-14,-20.6488139,-50.3608101
Brazil,SP,Getulina/SP,3517000,35065,Lins,30,1106,262.0774,9661.92015,0.02712,MS,2021-07-14,7,6,2021-07-14,-21.7988557,-49.9288096
Brazil,SP,Glicério/SP,3517109,35023,Consórcios do DRS II,20,534,414.16442,11058.1901,0.03745,MS,2021-07-14,0,1,2021-07-14,-21.3814805,-50.2100452
Brazil,SP,Guaimbê/SP,3517307,35093,Marília,7,535,121.00259,9248.05532,0.01308,MS,2021-07-14,3,0,2021-07-14,-21.909072,-49.89861
Brazil,SP,Guaiçara/SP,3517208,35065,Lins,23,1330,187.08313,10818.28534,0.01729,MS,2021-07-14,4,0,2021-07-14,-21.619537,-49.801287
Brazil,SP,Guapiara/SP,3517604,35162,Itapeva,81,2235,475.77093,13127.7533,0.03624,MS,2021-07-14,6,0,2021-07-14,-24.18921,-48.529549
Brazil,SP,Guapiaçu/SP,3517505,35155,São José do Rio Preto,74,1926,339.83927,8845.00574,0.03842,MS,2021-07-14,4,0,2021-07-14,-20.79663,-49.2253917
Brazil,SP,Guaraci/SP,3517901,35051,Norte - Barretos,22,1187,194.9145,10516.52343,0.01853,MS,2021-07-14,7,0,2021-07-14,-20.4976771,-48.9452074
Brazil,SP,Guarani d'Oeste/SP,3518008,35154,Fernandópolis,5,180,250.25025,9009.00901,0.02778,MS,2021-07-14,0,0,2021-07-14,-20.0737613,-50.3379634
Brazil,SP,Guarantã/SP,3518107,35093,Marília,17,273,254.68165,4089.88764,0.06227,MS,2021-07-14,1,0,2021-07-14,-21.8950705,-49.590107
Brazil,SP,Guararapes/SP,3518206,35021,Central do DRS II,98,3879,296.07251,11719.03323,0.02526,MS,2021-07-14,33,0,2021-07-14,-21.2537115,-50.6441746
Brazil,SP,Guararema/SP,3518305,35011,Alto do Tietê,88,1876,292.00956,6225.11282,0.04691,MS,2021-07-14,3,0,2021-07-14,-23.4133724,-46.0379249
Brazil,SP,Guaratinguetá/SP,3518404,35172,Circuito da Fé e Vale Histórico,242,8468,197.54296,6912.37092,0.02858,MS,2021-07-14,67,0,2021-07-14,-22.8057839,-45.1908926
Brazil,SP,Guaraçaí/SP,3517802,35022,Lagos do DRS II,22,788,265.37998,9505.42823,0.02792,MS,2021-07-14,6,0,2021-07-14,-21.031027,-51.2064201
Brazil,SP,Guareí/SP,3518503,35161,Itapetininga,27,3289,142.95547,17414.09435,0.00821,MS,2021-07-14,1,0,2021-07-14,-23.3718195,-48.184685
Brazil,SP,Guariba/SP,3518602,35131,Horizonte Verde,93,3947,229.70336,9748.80826,0.02356,MS,2021-07-14,42,0,2021-07-14,-21.35938,-48.23158
Brazil,SP,Guarujá/SP,3518701,35041,Baixada Santista,1192,21038,369.3261,6518.35786,0.05666,MS,2021-07-14,76,10,2021-07-14,-23.9927768,-46.2558332
Brazil,SP,Guarulhos/SP,3518800,35011,Alto do Tietê,4475,59057,321.45194,4242.23182,0.07577,MS,2021-07-14,91,24,2021-07-14,-23.4430602,-46.524459
Brazil,SP,Guará/SP,3517703,35083,Alta Mogiana,85,2046,398.91121,9602.02741,0.04154,MS,2021-07-14,13,0,2021-07-14,-20.4290496,-47.8250067
Brazil,SP,Guatapará/SP,3518859,35132,Aquífero Guarani,20,472,259.43702,6122.71371,0.04237,MS,2021-07-14,1,0,2021-07-14,-21.496092,-48.0360685
Brazil,SP,Guaíra/SP,3517406,35051,Norte - Barretos,192,4847,467.83626,11810.42885,0.03961,MS,2021-07-14,35,1,2021-07-14,-20.3245873,-48.3148818
Brazil,SP,Guzolândia/SP,3518909,35021,Central do DRS II,25,491,471.07594,9251.93141,0.05092,MS,2021-07-14,0,0,2021-07-14,-20.6491637,-50.6622974
Brazil,SP,Gália/SP,3516606,35093,Marília,16,500,246.8374,7713.66862,0.032,MS,2021-07-14,0,0,2021-07-14,-22.2936976,-49.5516228
Brazil,SP,Herculândia/SP,3519006,35095,Tupã,21,1121,219.02378,11691.69796,0.01873,MS,2021-07-14,2,0,2021-07-14,-22.004508,-50.3862746
Brazil,SP,Holambra/SP,3519055,35072,Região Metropolitana de Campinas,12,1879,78.57517,12303.56207,0.00639,MS,2021-07-14,10,1,2021-07-14,-22.6332028,-47.0545305
Brazil,SP,Hortolândia/SP,3519071,35072,Região Metropolitana de Campinas,664,20533,283.44695,8765.0848,0.03234,MS,2021-07-14,158,10,2021-07-14,-22.85833,-47.22
Brazil,SP,Iacanga/SP,3519105,35062,Bauru,27,1414,227.69438,11924.4392,0.01909,MS,2021-07-14,11,0,2021-07-14,-21.8928341,-49.0226082
Brazil,SP,Iacri/SP,3519204,35095,Tupã,13,497,206.51311,7895.15488,0.02616,MS,2021-07-14,16,0,2021-07-14,-21.8583385,-50.6892931
Brazil,SP,Iaras/SP,3519253,35061,Vale do Jurumirim,19,281,199.64274,2952.61112,0.06762,MS,2021-07-14,0,0,2021-07-14,-22.8742567,-49.1593923
Brazil,SP,Ibaté/SP,3519303,35034,Coração do DRS III,92,3612,259.35949,10182.6793,0.02547,MS,2021-07-14,32,0,2021-07-14,-21.9554092,-47.9989614
Brazil,SP,Ibirarema/SP,3519501,35094,Ourinhos,23,649,293.32993,8277.00548,0.03544,MS,2021-07-14,-1,0,2021-07-14,-22.8138003,-50.0737669
Brazil,SP,Ibirá/SP,3519402,35155,São José do Rio Preto,30,1855,239.6549,14818.66113,0.01617,MS,2021-07-14,21,0,2021-07-14,-21.0815104,-49.2424619
Brazil,SP,Ibitinga/SP,3519600,35032,Centro Oeste do DRS III,258,9403,425.74257,15516.50165,0.02744,MS,2021-07-14,10,0,2021-07-14,-21.75623,-48.831903
Brazil,SP,Ibiúna/SP,3519709,35163,Sorocaba,123,4715,154.75786,5932.38466,0.02609,MS,2021-07-14,19,0,2021-07-14,-23.6548363,-47.2210116
Brazil,SP,Icém/SP,3519808,35155,São José do Rio Preto,26,1158,313.10212,13945.08671,0.02245,MS,2021-07-14,1,0,2021-07-14,-20.3413103,-49.1970982
Brazil,SP,Iepê/SP,3519907,35113,Alto Capivari,24,904,292.89724,11032.46278,0.02655,MS,2021-07-14,3,0,2021-07-14,-22.660165,-51.077881
Brazil,SP,Igarapava/SP,3520103,35083,Alta Mogiana,85,1319,277.65075,4308.48631,0.06444,MS,2021-07-14,1,0,2021-07-14,-20.0411471,-47.7477444
Brazil,SP,Igaratá/SP,3520202,35171,Alto Vale do Paraíba,32,1964,333.92466,20494.6259,0.01629,MS,2021-07-14,9,0,2021-07-14,-23.2063475,-46.156934
Brazil,SP,Igaraçu do Tietê/SP,3520004,35064,Jaú,51,2157,206.06893,8715.50366,0.02364,MS,2021-07-14,6,1,2021-07-14,-22.509044,-48.559672
Brazil,SP,Iguape/SP,3520301,35121,Vale do Ribeira,103,2496,332.376,8054.47094,0.04127,MS,2021-07-14,11,1,2021-07-14,-24.7042692,-47.5563733
Brazil,SP,Ilha Comprida/SP,3520426,35121,Vale do Ribeira,41,1227,360.85196,10799.15508,0.03341,MS,2021-07-14,11,0,2021-07-14,-24.7445292,-47.5525529
Brazil,SP,Ilha Solteira/SP,3520442,35022,Lagos do DRS II,89,2573,332.23832,9605.04704,0.03459,MS,2021-07-14,19,0,2021-07-14,-20.4281001,-51.3410871
Brazil,SP,Ilhabela/SP,3520400,35173,Litoral Norte,41,6956,115.19766,19544.26681,0.00589,MS,2021-07-14,26,0,2021-07-14,-23.816628,-45.368685
Brazil,SP,Indaiatuba/SP,3520509,35072,Região Metropolitana de Campinas,562,24367,219.34018,9510.07521,0.02306,MS,2021-07-14,76,10,2021-07-14,-23.09028,-47.21806
Brazil,SP,Indiana/SP,3520608,35112,Alta Sorocabana,9,231,184.46403,4734.57676,0.03896,MS,2021-07-14,0,0,2021-07-14,-22.1748508,-51.2534615
Brazil,SP,Indiaporã/SP,3520707,35154,Fernandópolis,10,349,257.33402,8980.95728,0.02865,MS,2021-07-14,0,0,2021-07-14,-19.9802644,-50.2906035
Brazil,SP,Inúbia Paulista/SP,3520806,35091,Adamantina,13,487,323.46355,12117.44215,0.02669,MS,2021-07-14,2,0,2021-07-14,-21.7705076,-50.9614046
Brazil,SP,Ipaussu/SP,3520905,35094,Ourinhos,41,2144,272.08176,14227.88506,0.01912,MS,2021-07-14,10,0,2021-07-14,-23.0544285,-49.6264306
Brazil,SP,Iperó/SP,3521002,35163,Sorocaba,48,2922,126.43557,7696.76536,0.01643,MS,2021-07-14,29,0,2021-07-14,-23.3508977,-47.687611
Brazil,SP,Ipeúna/SP,3521101,35104,Rio Claro,13,640,169.11669,8325.74476,0.02031,MS,2021-07-14,3,1,2021-07-14,-22.4356582,-47.7146714
Brazil,SP,Ipiguá/SP,3521150,35155,São José do Rio Preto,26,988,474.79912,18042.36669,0.02632,MS,2021-07-14,7,0,2021-07-14,-20.657282,-49.3881146
Brazil,SP,Iporanga/SP,3521200,35121,Vale do Ribeira,4,429,95.26078,10216.71827,0.00932,MS,2021-07-14,2,0,2021-07-14,-24.5843214,-48.594028
Brazil,SP,Ipuã/SP,3521309,35082,Alta Anhanguera,57,1855,343.29077,11172.00675,0.03073,MS,2021-07-14,24,0,2021-07-14,-20.4441839,-48.012504
Brazil,SP,Iracemápolis/SP,3521408,35102,Limeira,89,4336,361.58284,17615.9909,0.02053,MS,2021-07-14,14,0,2021-07-14,-22.583234,-47.522963
Brazil,SP,Irapuru/SP,3521606,35111,Alta Paulista,34,684,408.40841,8216.21622,0.04971,MS,2021-07-14,-1,0,2021-07-14,-21.5691828,-51.3494606
Brazil,SP,Irapuã/SP,3521507,35151,Catanduva,27,876,335.48708,10884.69185,0.03082,MS,2021-07-14,0,-1,2021-07-14,-21.2791964,-49.4101967
Brazil,SP,Itaberá/SP,3521705,35162,Itapeva,61,2310,348.97025,13215.10297,0.02641,MS,2021-07-14,4,0,2021-07-14,-23.8621345,-49.1398926
Brazil,SP,Itajobi/SP,3521903,35151,Catanduva,48,2308,313.78702,15087.92574,0.0208,MS,2021-07-14,26,0,2021-07-14,-21.312294,-49.0596336
Brazil,SP,Itaju/SP,3522000,35064,Jaú,8,548,205.81425,14098.27631,0.0146,MS,2021-07-14,0,0,2021-07-14,-21.9816841,-48.8046536
Brazil,SP,Itanhaém/SP,3522109,35041,Baixada Santista,272,5808,263.81641,5633.25639,0.04683,MS,2021-07-14,14,1,2021-07-14,-24.1848847,-46.7921572
Brazil,SP,Itaoca/SP,3522158,35162,Itapeva,8,263,240.24024,7897.8979,0.03042,MS,2021-07-14,19,0,2021-07-14,-24.6409691,-48.8410159
Brazil,SP,Itapecerica da Serra/SP,3522208,35013,Mananciais,430,7673,242.03262,4318.87517,0.05604,MS,2021-07-14,23,2,2021-07-14,-23.7176303,-46.8492435
Brazil,SP,Itapetininga/SP,3522307,35161,Itapetininga,517,16273,312.33764,9831.08394,0.03177,MS,2021-07-14,28,3,2021-07-14,-23.588607,-48.048326
Brazil,SP,Itapeva/SP,3522406,35162,Itapeva,396,8531,417.70389,8998.56546,0.04642,MS,2021-07-14,151,6,2021-07-14,-23.9849105,-48.8803886
Brazil,SP,Itapevi/SP,3522505,35014,Rota dos Bandeirantes,643,11596,266.84816,4812.39703,0.05545,MS,2021-07-14,65,1,2021-07-14,-23.54888,-46.933889
Brazil,SP,Itapira/SP,3522604,35141,Baixa Mogiana,268,7691,356.22192,10222.77162,0.03485,MS,2021-07-14,85,1,2021-07-14,-22.436111,-46.821667
Brazil,SP,Itapirapuã Paulista/SP,3522653,35162,Itapeva,2,538,46.86036,12605.4358,0.00372,MS,2021-07-14,0,0,2021-07-14,-24.5735083,-49.1703846
Brazil,SP,Itaporanga/SP,3522802,35061,Vale do Jurumirim,48,1309,316.35141,8627.16668,0.03667,MS,2021-07-14,0,0,2021-07-14,-23.7066252,-49.4895934
Brazil,SP,Itapura/SP,3523008,35022,Lagos do DRS II,11,268,222.17734,5413.04787,0.04104,MS,2021-07-14,1,0,2021-07-14,-20.6435211,-51.5084479
Brazil,SP,Itapuí/SP,3522901,35064,Jaú,38,1304,268.60819,9217.50194,0.02914,MS,2021-07-14,0,0,2021-07-14,-22.2346755,-48.7189744
Brazil,SP,Itaquaquecetuba/SP,3523107,35011,Alto do Tietê,889,17786,237.05971,4742.79421,0.04998,MS,2021-07-14,112,3,2021-07-14,-23.4754492,-46.3514033
Brazil,SP,Itararé/SP,3523206,35162,Itapeva,224,5874,442.3206,11599.06797,0.03813,MS,2021-07-14,11,1,2021-07-14,-24.1145368,-49.3352464
Brazil,SP,Itariri/SP,3523305,35121,Vale do Ribeira,40,1286,227.29856,7307.6486,0.0311,MS,2021-07-14,6,0,2021-07-14,-24.2900711,-47.176151
Brazil,SP,Itatiba/SP,3523404,35072,Região Metropolitana de Campinas,144,10742,117.47334,8763.18516,0.01341,MS,2021-07-14,97,0,2021-07-14,-22.9965861,-46.8412042
Brazil,SP,Itatinga/SP,3523503,35063,Polo Cuesta,45,2677,215.09488,12795.75546,0.01681,MS,2021-07-14,12,0,2021-07-14,-23.1042417,-48.6134874
Brazil,SP,Itaí/SP,3521804,35061,Vale do Jurumirim,65,2845,237.38222,10390.03725,0.02285,MS,2021-07-14,15,0,2021-07-14,-23.4172598,-49.0935788
Brazil,SP,Itirapina/SP,3523602,35104,Rio Claro,33,1426,179.47463,7755.47941,0.02314,MS,2021-07-14,8,1,2021-07-14,-22.2884106,-47.81616583161232
Brazil,SP,Itirapuã/SP,3523701,35081,Três Colinas,5,277,76.41755,4233.53202,0.01805,MS,2021-07-14,0,0,2021-07-14,-20.6406814,-47.2193817
Brazil,SP,Itobi/SP,3523800,35143,Rio Pardo,9,580,114.62048,7386.65308,0.01552,MS,2021-07-14,0,0,2021-07-14,-21.730853,-46.9743
Brazil,SP,Itu/SP,3523909,35163,Sorocaba,367,20051,209.03582,11420.64613,0.0183,MS,2021-07-14,203,7,2021-07-14,-23.2638828,-47.298892
Brazil,SP,Itupeva/SP,3524006,35073,Jundiaí,126,6003,200.59542,9556.93885,0.02099,MS,2021-07-14,11,1,2021-07-14,-23.1531055,-47.0580347
Brazil,SP,Ituverava/SP,3524105,35083,Alta Mogiana,123,1910,292.5437,4542.75181,0.0644,MS,2021-07-14,13,0,2021-07-14,-20.3366604,-47.7797924
Brazil,SP,Itápolis/SP,3522703,35032,Centro Oeste do DRS III,158,5473,364.63502,12630.68011,0.02887,MS,2021-07-14,15,1,2021-07-14,-21.5958368,-48.8122696
Brazil,SP,Jaborandi/SP,3524204,35051,Norte - Barretos,14,542,201.55485,7803.05212,0.02583,MS,2021-07-14,0,0,2021-07-14,-20.6921079,-48.4144076
Brazil,SP,Jaboticabal/SP,3524303,35131,Horizonte Verde,114,6937,146.80884,8933.44666,0.01643,MS,2021-07-14,39,0,2021-07-14,-21.252037,-48.325223
Brazil,SP,Jacareí/SP,3524402,35171,Alto Vale do Paraíba,661,23115,280.77956,9818.78887,0.0286,MS,2021-07-14,68,4,2021-07-14,-23.30528,-45.96583
Brazil,SP,Jaci/SP,3524501,35156,José Bonifácio,24,988,333.51862,13729.84992,0.02429,MS,2021-07-14,12,0,2021-07-14,-20.8844434,-49.5710544
Brazil,SP,Jacupiranga/SP,3524600,35121,Vale do Ribeira,48,1525,268.32131,8524.79177,0.03148,MS,2021-07-14,2,0,2021-07-14,-24.703773,-48.0060639
Brazil,SP,Jaguariúna/SP,3524709,35072,Região Metropolitana de Campinas,103,5380,175.40275,9161.81329,0.01914,MS,2021-07-14,30,0,2021-07-14,-22.70374,-46.985062
Brazil,SP,Jales/SP,3524808,35153,Jales,225,6038,457.30778,12272.10829,0.03726,MS,2021-07-14,1,0,2021-07-14,-20.2671767,-50.5492435
Brazil,SP,Jambeiro/SP,3524907,35171,Alto Vale do Paraíba,11,382,163.76358,5687.06268,0.0288,MS,2021-07-14,2,0,2021-07-14,-23.2556416,-45.6919926
Brazil,SP,Jandira/SP,3525003,35014,Rota dos Bandeirantes,282,7164,223.17895,5669.69515,0.03936,MS,2021-07-14,11,1,2021-07-14,-23.5282044,-46.9019554
Brazil,SP,Jardinópolis/SP,3525102,35132,Aquífero Guarani,132,3856,293.52902,8574.60529,0.03423,MS,2021-07-14,13,0,2021-07-14,-21.0255126,-47.7706807
Brazil,SP,Jarinu/SP,3525201,35073,Jundiaí,63,2631,205.76804,8593.26518,0.02395,MS,2021-07-14,26,0,2021-07-14,-23.0949584,-46.7148636
Brazil,SP,Jaú/SP,3525300,35064,Jaú,490,9029,322.621,5944.78572,0.05427,MS,2021-07-14,55,0,2021-07-14,-22.293585,-48.559193
Brazil,SP,Jeriquara/SP,3525409,35081,Três Colinas,2,282,63.47191,8949.53983,0.00709,MS,2021-07-14,1,0,2021-07-14,-20.3104773,-47.5915669
Brazil,SP,Joanópolis/SP,3525508,35071,Bragança,7,1101,52.48163,8254.61089,0.00636,MS,2021-07-14,2,0,2021-07-14,-22.930004,-46.275208
Brazil,SP,José Bonifácio/SP,3525706,35156,José Bonifácio,134,5382,358.61478,14403.46839,0.0249,MS,2021-07-14,3,1,2021-07-14,-23.564090999999998,-46.434766582997995
Brazil,SP,João Ramalho/SP,3525607,35113,Alto Capivari,13,622,285.65151,13667.32586,0.0209,MS,2021-07-14,0,0,2021-07-14,-22.2486157,-50.7677114
Brazil,SP,Jumirim/SP,3525854,35163,Sorocaba,7,530,204.79813,15506.14394,0.01321,MS,2021-07-14,8,1,2021-07-14,-23.0843839,-47.7882279
Brazil,SP,Jundiaí/SP,3525904,35073,Jundiaí,1447,46574,342.07553,11010.24572,0.03107,MS,2021-07-14,183,9,2021-07-14,-23.1887866,-46.8845122
Brazil,SP,Junqueirópolis/SP,3526001,35111,Alta Paulista,83,1717,398.44463,8242.52316,0.04834,MS,2021-07-14,0,1,2021-07-14,-21.5109531,-51.4351505
Brazil,SP,Juquitiba/SP,3526209,35013,Mananciais,68,1741,214.87708,5501.48518,0.03906,MS,2021-07-14,5,1,2021-07-14,-23.932346,-47.0714217
Brazil,SP,Juquiá/SP,3526100,35121,Vale do Ribeira,55,1730,293.83481,9242.44043,0.03179,MS,2021-07-14,5,0,2021-07-14,-24.3172209,-47.6355618
Brazil,SP,Júlio Mesquita/SP,3525805,35093,Marília,14,217,291.66667,4520.83333,0.06452,MS,2021-07-14,0,0,2021-07-14,-22.0099839,-49.7889446
Brazil,SP,Lagoinha/SP,3526308,35174,Vale do Paraíba/Região Serrana,7,212,143.17856,4336.26508,0.03302,MS,2021-07-14,0,0,2021-07-14,-23.0898337,-45.1903825
Brazil,SP,Laranjal Paulista/SP,3526407,35063,Polo Cuesta,111,4199,385.61751,14587.45875,0.02643,MS,2021-07-14,12,2,2021-07-14,-23.050564,-47.837549
Brazil,SP,Lavrinhas/SP,3526605,35172,Circuito da Fé e Vale Histórico,4,306,54.71208,4185.47394,0.01307,MS,2021-07-14,0,0,2021-07-14,-22.570047,-44.902359
Brazil,SP,Lavínia/SP,3526506,35022,Lagos do DRS II,16,903,130.24013,7350.42735,0.01772,MS,2021-07-14,4,0,2021-07-14,-21.1676933,-51.0434733
Brazil,SP,Leme/SP,3526704,35101,Araras,384,12110,368.00644,11605.61977,0.03171,MS,2021-07-14,15,2,2021-07-14,-22.185833,-47.39
Brazil,SP,Lençóis Paulista/SP,3526803,35062,Bauru,175,11616,253.65995,16837.22279,0.01507,MS,2021-07-14,35,0,2021-07-14,-22.6029897,-48.8031367
Brazil,SP,Limeira/SP,3526902,35102,Limeira,779,16466,252.52689,5337.75066,0.04731,MS,2021-07-14,28,15,2021-07-14,-22.5615068,-47.401766
Brazil,SP,Lindóia/SP,3527009,35074,Circuito das Águas,17,772,210.08403,9540.2867,0.02202,MS,2021-07-14,5,0,2021-07-14,-22.523056,-46.65
Brazil,SP,Lins/SP,3527108,35065,Lins,275,8542,350.30508,10881.11282,0.03219,MS,2021-07-14,48,0,2021-07-14,-21.6741873,-49.7518932
Brazil,SP,Lorena/SP,3527207,35172,Circuito da Fé e Vale Histórico,117,4785,131.2763,5368.86396,0.02445,MS,2021-07-14,13,0,2021-07-14,-22.7367652,-45.1070876
Brazil,SP,Lourdes/SP,3527256,35023,Consórcios do DRS II,5,266,217.3913,11565.21739,0.0188,MS,2021-07-14,1,0,2021-07-14,-20.9672545,-50.224966
Brazil,SP,Louveira/SP,3527306,35073,Jundiaí,97,4607,194.02716,9215.29014,0.02105,MS,2021-07-14,40,0,2021-07-14,-23.08639,-46.95056
Brazil,SP,Lucianópolis/SP,3527504,35062,Bauru,4,197,166.45859,8198.08573,0.0203,MS,2021-07-14,0,0,2021-07-14,-22.4310459,-49.5219241
Brazil,SP,Lucélia/SP,3527405,35091,Adamantina,54,1726,246.73307,7886.32002,0.03129,MS,2021-07-14,0,0,2021-07-14,-21.7211293,-51.0188
Brazil,SP,Luiziânia/SP,3527702,35023,Consórcios do DRS II,10,299,170.79419,5106.74637,0.03344,MS,2021-07-14,2,0,2021-07-14,-21.6763356,-50.3269863
Brazil,SP,Lupércio/SP,3527801,35093,Marília,8,255,174.0644,5548.30287,0.03137,MS,2021-07-14,1,0,2021-07-14,-22.4145801,-49.8183516
Brazil,SP,Lutécia/SP,3527900,35092,Assis,6,221,227.6176,8383.91502,0.02715,MS,2021-07-14,0,0,2021-07-14,-22.338378,-50.394007
Brazil,SP,Luís Antônio/SP,3527603,35132,Aquífero Guarani,32,1944,209.25974,12712.52943,0.01646,MS,2021-07-14,19,0,2021-07-14,-21.552463,-47.7033894
Brazil,SP,Macatuba/SP,3528007,35062,Bauru,57,2743,331.12583,15934.70431,0.02078,MS,2021-07-14,5,0,2021-07-14,-22.50022,-48.710229
Brazil,SP,Macaubal/SP,3528106,35157,Votuporanga,15,877,184.11685,10764.69866,0.0171,MS,2021-07-14,26,0,2021-07-14,-20.8071616,-49.9648439
Brazil,SP,Macedônia/SP,3528205,35154,Fernandópolis,19,373,514.62622,10102.92524,0.05094,MS,2021-07-14,10,0,2021-07-14,-20.1454034,-50.193911
Brazil,SP,Magda/SP,3528304,35157,Votuporanga,9,234,290.1354,7543.52031,0.03846,MS,2021-07-14,3,0,2021-07-14,-20.6444651,-50.2260983
Brazil,SP,Mairinque/SP,3528403,35163,Sorocaba,52,3978,109.60983,8385.15208,0.01307,MS,2021-07-14,34,0,2021-07-14,-23.5401247,-47.1846323
Brazil,SP,Mairiporã/SP,3528502,35012,Franco da Rocha,214,6443,209.93359,6320.57055,0.03321,MS,2021-07-14,0,0,2021-07-14,-23.3186111,-46.5866667
Brazil,SP,Manduri/SP,3528601,35061,Vale do Jurumirim,16,867,161.45308,8748.73865,0.01845,MS,2021-07-14,7,0,2021-07-14,-23.0059018,-49.317191
Brazil,SP,Marabá Paulista/SP,3528700,35114,Extremo Oeste Paulista,4,101,67.2495,1698.04976,0.0396,MS,2021-07-14,0,0,2021-07-14,-22.1069936,-51.9629504
Brazil,SP,Maracaí/SP,3528809,35092,Assis,45,2047,320.60416,14583.92704,0.02198,MS,2021-07-14,5,0,2021-07-14,-22.6112679,-50.6670685
Brazil,SP,Marapoama/SP,3528858,35151,Catanduva,14,454,456.91906,14817.23238,0.03084,MS,2021-07-14,2,0,2021-07-14,-21.2574769,-49.1314719
Brazil,SP,Marinópolis/SP,3529104,35153,Jales,4,204,189.93352,9686.60969,0.01961,MS,2021-07-14,0,0,2021-07-14,-20.4408333,-50.8227778
Brazil,SP,Mariápolis/SP,3528908,35091,Adamantina,6,247,146.66341,6037.64361,0.02429,MS,2021-07-14,11,0,2021-07-14,-21.7966708,-51.1831475
Brazil,SP,Martinópolis/SP,3529203,35112,Alta Sorocabana,71,1339,266.63662,5028.54139,0.05302,MS,2021-07-14,4,0,2021-07-14,-22.146153,-51.170949
Brazil,SP,Marília/SP,3529005,35093,Marília,843,27555,350.38863,11453.09448,0.03059,MS,2021-07-14,51,2,2021-07-14,-22.217108,-49.95006
Brazil,SP,Matão/SP,3529302,35033,Norte do DRS III,183,5045,218.83146,6032.81276,0.03627,MS,2021-07-14,15,1,2021-07-14,-21.6033611,-48.3660603
Brazil,SP,Mauá/SP,3529401,35015,Grande ABC,1417,28877,296.72161,6046.88076,0.04907,MS,2021-07-14,152,8,2021-07-14,-23.6669527,-46.4616922
Brazil,SP,Mendonça/SP,3529500,35156,José Bonifácio,28,896,503.14465,16100.62893,0.03125,MS,2021-07-14,5,0,2021-07-14,-21.1838813,-49.579059
Brazil,SP,Meridiano/SP,3529609,35154,Fernandópolis,28,328,732.21757,8577.40586,0.08537,MS,2021-07-14,3,0,2021-07-14,-20.3547223,-50.172574
Brazil,SP,Mesópolis/SP,3529658,35153,Jales,3,189,157.48031,9921.25984,0.01587,MS,2021-07-14,0,0,2021-07-14,-19.9662274,-50.6190438
Brazil,SP,Miguelópolis/SP,3529708,35083,Alta Mogiana,80,1055,357.86178,4719.30217,0.07583,MS,2021-07-14,5,0,2021-07-14,-20.179612,-48.030997
Brazil,SP,Mineiros do Tietê/SP,3529807,35064,Jaú,23,1264,177.38701,9748.57319,0.0182,MS,2021-07-14,5,0,2021-07-14,-22.4133188,-48.450554
Brazil,SP,Mira Estrela/SP,3530003,35154,Fernandópolis,12,328,386.349,10560.20605,0.03659,MS,2021-07-14,0,0,2021-07-14,-19.9806298,-50.136873
Brazil,SP,Miracatu/SP,3529906,35121,Vale do Ribeira,66,2152,335.99756,10955.55669,0.03067,MS,2021-07-14,0,1,2021-07-14,-24.2839078,-47.4535128
Brazil,SP,Mirandópolis/SP,3530102,35022,Lagos do DRS II,93,2065,313.06807,6951.45762,0.04504,MS,2021-07-14,11,1,2021-07-14,-21.1328313,-51.1029422
Brazil,SP,Mirante do Paranapanema/SP,3530201,35115,Pontal do Paranapanema,35,990,190.86051,5398.6258,0.03535,MS,2021-07-14,1,0,2021-07-14,-22.2925861,-51.907143
Brazil,SP,Mirassol/SP,3530300,35155,São José do Rio Preto,253,9040,419.54795,14990.96231,0.02799,MS,2021-07-14,39,2,2021-07-14,-20.8141411,-49.507449
Brazil,SP,Mirassolândia/SP,3530409,35155,São José do Rio Preto,14,630,284.61069,12807.4812,0.02222,MS,2021-07-14,9,0,2021-07-14,-20.6147204,-49.462817
Brazil,SP,Mococa/SP,3530508,35143,Rio Pardo,198,5382,287.03972,7802.26153,0.03679,MS,2021-07-14,0,0,2021-07-14,-21.464731,-47.002405
Brazil,SP,Mogi Guaçu/SP,3530706,35141,Baixa Mogiana,524,17526,342.40981,11452.43183,0.0299,MS,2021-07-14,119,5,2021-07-14,-22.372222,-46.9425
Brazil,SP,Mogi Mirim/SP,3530805,35141,Baixa Mogiana,318,9827,339.5622,10493.32621,0.03236,MS,2021-07-14,87,1,2021-07-14,-22.433009,-46.9581629
Brazil,SP,Mogi das Cruzes/SP,3530607,35011,Alto do Tietê,1521,29621,337.4114,6570.98173,0.05135,MS,2021-07-14,108,14,2021-07-14,-23.5234284,-46.1926671
Brazil,SP,Mombuca/SP,3530904,35103,Piracicaba,6,394,171.03763,11231.47092,0.01523,MS,2021-07-14,3,0,2021-07-14,-22.9293093,-47.5650724
Brazil,SP,Mongaguá/SP,3531100,35041,Baixada Santista,81,1531,140.50791,2655.77297,0.05291,MS,2021-07-14,0,0,2021-07-14,-24.0959454,-46.6234361
Brazil,SP,Monte Alegre do Sul/SP,3531209,35074,Circuito das Águas,8,608,98.63149,7495.9931,0.01316,MS,2021-07-14,0,0,2021-07-14,-22.681861,-46.6798783
Brazil,SP,Monte Alto/SP,3531308,35131,Horizonte Verde,164,5955,323.01268,11728.9057,0.02754,MS,2021-07-14,63,1,2021-07-14,-21.265545,-48.497066
Brazil,SP,Monte Aprazível/SP,3531407,35156,José Bonifácio,86,2881,338.94297,11354.58952,0.02985,MS,2021-07-14,10,0,2021-07-14,-20.7625702,-49.7088402
Brazil,SP,Monte Azul Paulista/SP,3531506,35052,Sul - Barretos,26,2211,137.07296,11656.47406,0.01176,MS,2021-07-14,1,0,2021-07-14,-20.90649,-48.638717
Brazil,SP,Monte Castelo/SP,3531605,35111,Alta Paulista,16,589,384.06145,14138.26212,0.02716,MS,2021-07-14,11,1,2021-07-14,-21.3006353,-51.5686963
Brazil,SP,Monte Mor/SP,3531803,35072,Região Metropolitana de Campinas,120,6158,197.51786,10135.95813,0.01949,MS,2021-07-14,38,0,2021-07-14,-22.945043,-47.312182
Brazil,SP,Monteiro Lobato/SP,3531704,35171,Alto Vale do Paraíba,9,248,191.65247,5281.09029,0.03629,MS,2021-07-14,3,1,2021-07-14,-22.9546503,-45.8383284
Brazil,SP,Monções/SP,3531001,35157,Votuporanga,5,229,220.5558,10101.45567,0.02183,MS,2021-07-14,0,0,2021-07-14,-20.850949,-50.097537
Brazil,SP,Morro Agudo/SP,3531902,35082,Alta Anhanguera,99,4486,297.40447,13476.32781,0.02207,MS,2021-07-14,8,0,2021-07-14,-20.7276692,-48.052795
Brazil,SP,Morungaba/SP,3532009,35072,Região Metropolitana de Campinas,23,986,166.89645,7154.77832,0.02333,MS,2021-07-14,14,0,2021-07-14,-22.88,-46.79167
Brazil,SP,Motuca/SP,3532058,35031,Central do DRS III,9,339,187.69552,7069.86444,0.02655,MS,2021-07-14,0,0,2021-07-14,-21.5095864,-48.1503832
Brazil,SP,Murutinga do Sul/SP,3532108,35022,Lagos do DRS II,15,372,332.88948,8255.65912,0.04032,MS,2021-07-14,3,1,2021-07-14,-20.9913722,-51.2782237
Brazil,SP,Nantes/SP,3532157,35113,Alto Capivari,6,232,188.7386,7297.89242,0.02586,MS,2021-07-14,0,0,2021-07-14,-22.6191472,-51.2382255
Brazil,SP,Narandiba/SP,3532207,35112,Alta Sorocabana,21,789,428.22186,16088.90701,0.02662,MS,2021-07-14,1,0,2021-07-14,-22.4080573,-51.5251755
Brazil,SP,Natividade da Serra/SP,3532306,35174,Vale do Paraíba/Região Serrana,7,190,105.38994,2860.58416,0.03684,MS,2021-07-14,0,0,2021-07-14,-23.3783786,-45.4438173
Brazil,SP,Nazaré Paulista/SP,3532405,35071,Bragança,44,1440,235.31929,7701.35843,0.03056,MS,2021-07-14,2,0,2021-07-14,-23.1819309,-46.3992986
Brazil,SP,Neves Paulista/SP,3532504,35155,São José do Rio Preto,39,1325,437.07273,14849.26594,0.02943,MS,2021-07-14,1,0,2021-07-14,-20.842992,-49.635767
Brazil,SP,Nhandeara/SP,3532603,35157,Votuporanga,44,1299,381.7125,11269.19407,0.03387,MS,2021-07-14,13,0,2021-07-14,-20.6942747,-50.0406162
Brazil,SP,Nipoã/SP,3532702,35156,José Bonifácio,15,480,283.12571,9060.02265,0.03125,MS,2021-07-14,1,0,2021-07-14,-20.9126469,-49.7791476
Brazil,SP,Nova Aliança/SP,3532801,35155,São José do Rio Preto,24,1077,339.55857,15237.691,0.02228,MS,2021-07-14,25,0,2021-07-14,-21.0163728,-49.4981128
Brazil,SP,Nova Campina/SP,3532827,35162,Itapeva,30,822,304.25963,8336.714,0.0365,MS,2021-07-14,5,2,2021-07-14,-24.1225305,-48.9054041
Brazil,SP,Nova Canaã Paulista/SP,3532843,35152,Santa Fé do Sul,4,275,215.98272,14848.8121,0.01455,MS,2021-07-14,0,0,2021-07-14,-20.3872473,-50.9481571
Brazil,SP,Nova Castilho/SP,3532868,35021,Central do DRS II,3,94,234.74178,7355.24257,0.03191,MS,2021-07-14,0,0,2021-07-14,-20.7638386,-50.3427479
Brazil,SP,Nova Europa/SP,3532900,35032,Centro Oeste do DRS III,29,741,255.3941,6525.75958,0.03914,MS,2021-07-14,2,0,2021-07-14,-21.7808203,-48.5661712
Brazil,SP,Nova Granada/SP,3533007,35155,São José do Rio Preto,68,2960,313.52298,13647.47107,0.02297,MS,2021-07-14,1,0,2021-07-14,-20.5345426,-49.3186951
Brazil,SP,Nova Guataporanga/SP,3533106,35111,Alta Paulista,4,210,172.04301,9032.25806,0.01905,MS,2021-07-14,1,0,2021-07-14,-21.3330061,-51.6465874
Brazil,SP,Nova Independência/SP,3533205,35022,Lagos do DRS II,6,425,148.03849,10486.05971,0.01412,MS,2021-07-14,2,1,2021-07-14,-21.1066536,-51.4910804
Brazil,SP,Nova Luzitânia/SP,3533304,35021,Central do DRS II,10,349,240.38462,8389.42308,0.02865,MS,2021-07-14,0,0,2021-07-14,-20.8558333,-50.2619444
Brazil,SP,Nova Odessa/SP,3533403,35072,Região Metropolitana de Campinas,182,6382,298.57602,10469.8471,0.02852,MS,2021-07-14,83,1,2021-07-14,-22.783186,-47.294059
Brazil,SP,Novais/SP,3533254,35151,Catanduva,12,299,201.85029,5029.4365,0.04013,MS,2021-07-14,0,0,2021-07-14,-20.9941576,-48.9188283
Brazil,SP,Novo Horizonte/SP,3533502,35151,Catanduva,192,5455,463.61134,13171.87425,0.0352,MS,2021-07-14,33,1,2021-07-14,-21.4674564,-49.2235377
Brazil,SP,Nuporanga/SP,3533601,35082,Alta Anhanguera,10,372,133.7256,4974.59214,0.02688,MS,2021-07-14,0,0,2021-07-14,-20.730877,-47.7522561
Brazil,SP,Ocauçu/SP,3533700,35093,Marília,4,371,93.21836,8646.00326,0.01078,MS,2021-07-14,0,0,2021-07-14,-22.4396255,-49.9226712
Brazil,SP,Olímpia/SP,3533908,35051,Norte - Barretos,240,9451,435.33466,17143.11627,0.02539,MS,2021-07-14,18,1,2021-07-14,-20.736634,-48.910625
Brazil,SP,Onda Verde/SP,3534005,35155,São José do Rio Preto,24,867,542.74084,19606.51289,0.02768,MS,2021-07-14,8,0,2021-07-14,-20.6071428,-49.2950997
Brazil,SP,Oriente/SP,3534104,35093,Marília,21,319,321.00275,4876.18465,0.06583,MS,2021-07-14,1,0,2021-07-14,-22.1525442,-50.0935645
Brazil,SP,Orindiúva/SP,3534203,35155,São José do Rio Preto,18,1276,250.20851,17737.00306,0.01411,MS,2021-07-14,2,0,2021-07-14,-20.1819444,-49.3508333
Brazil,SP,Orlândia/SP,3534302,35082,Alta Anhanguera,117,4371,263.75113,9853.4716,0.02677,MS,2021-07-14,10,0,2021-07-14,-20.720278,-47.886667
Brazil,SP,Osasco/SP,3534401,35014,Rota dos Bandeirantes,2353,40988,336.16975,5855.89704,0.05741,MS,2021-07-14,106,6,2021-07-14,-23.5324859,-46.7916801
Brazil,SP,Oscar Bressane/SP,3534500,35093,Marília,7,287,268.92048,11025.73953,0.02439,MS,2021-07-14,0,0,2021-07-14,-22.314874,-50.281118
Brazil,SP,Osvaldo Cruz/SP,3534609,35091,Adamantina,116,4206,351.51515,12745.45455,0.02758,MS,2021-07-14,17,1,2021-07-14,-21.7962773,-50.879119
Brazil,SP,Ourinhos/SP,3534708,35094,Ourinhos,347,12910,303.449,11289.70197,0.02688,MS,2021-07-14,36,0,2021-07-14,-22.9777918,-49.868204
Brazil,SP,Ouro Verde/SP,3534807,35111,Alta Paulista,25,841,290.0232,9756.38051,0.02973,MS,2021-07-14,37,1,2021-07-14,-21.4892638,-51.7025981
Brazil,SP,Ouroeste/SP,3534757,35154,Fernandópolis,24,1231,227.72559,11680.42509,0.0195,MS,2021-07-14,42,0,2021-07-14,-20.0013584,-50.3736414
Brazil,SP,Pacaembu/SP,3534906,35091,Adamantina,30,1215,210.33443,8518.54449,0.02469,MS,2021-07-14,1,0,2021-07-14,-21.566243,-51.2633114
Brazil,SP,Palestina/SP,3535002,35155,São José do Rio Preto,33,633,251.46689,4823.59217,0.05213,MS,2021-07-14,1,0,2021-07-14,-20.389344,-49.4320384
Brazil,SP,Palmares Paulista/SP,3535101,35151,Catanduva,41,1413,304.01898,10477.53226,0.02902,MS,2021-07-14,2,0,2021-07-14,-21.085369,-48.803656
Brazil,SP,Palmeira d'Oeste/SP,3535200,35153,Jales,13,709,140.89086,7683.97095,0.01834,MS,2021-07-14,8,0,2021-07-14,-20.4168187,-50.762159
Brazil,SP,Palmital/SP,3535309,35092,Assis,67,2581,300.82615,11588.54167,0.02596,MS,2021-07-14,0,0,2021-07-14,-22.786384,-50.2198965
Brazil,SP,Panorama/SP,3535408,35111,Alta Paulista,45,1376,283.69689,8674.82033,0.0327,MS,2021-07-14,22,0,2021-07-14,-21.459988449999997,-51.84627958409091
Brazil,SP,Paraguaçu Paulista/SP,3535507,35092,Assis,149,4671,324.30079,10166.50343,0.0319,MS,2021-07-14,11,0,2021-07-14,-22.4203497,-50.5792099
Brazil,SP,Paraibuna/SP,3535606,35171,Alto Vale do Paraíba,43,1196,235.44872,6548.75979,0.03595,MS,2021-07-14,2,0,2021-07-14,-23.3864203,-45.6626797
Brazil,SP,Paranapanema/SP,3535804,35061,Vale do Jurumirim,67,1927,328.51189,9448.39421,0.03477,MS,2021-07-14,15,2,2021-07-14,-23.390161,-48.720868
Brazil,SP,Paranapuã/SP,3535903,35153,Jales,21,421,512.82051,10280.83028,0.04988,MS,2021-07-14,5,0,2021-07-14,-20.1033995,-50.5858761
Brazil,SP,Parapuã/SP,3536000,35095,Tupã,35,1348,319.6639,12311.62663,0.02596,MS,2021-07-14,41,1,2021-07-14,-21.781309,-50.7922396
Brazil,SP,Paraíso/SP,3535705,35151,Catanduva,22,487,338.66995,7496.92118,0.04517,MS,2021-07-14,0,0,2021-07-14,-21.015911,-48.776105
Brazil,SP,Pardinho/SP,3536109,35063,Polo Cuesta,15,742,230.48556,11401.35218,0.02022,MS,2021-07-14,0,0,2021-07-14,-23.0806795,-48.3768158
Brazil,SP,Pariquera-Açu/SP,3536208,35121,Vale do Ribeira,57,2235,289.00269,11331.94747,0.0255,MS,2021-07-14,1,0,2021-07-14,-24.7146891,-47.8802361
Brazil,SP,Parisi/SP,3536257,35157,Votuporanga,16,420,737.66713,19363.7621,0.0381,MS,2021-07-14,1,0,2021-07-14,-20.3039424,-50.0135808
Brazil,SP,Patrocínio Paulista/SP,3536307,35081,Três Colinas,30,971,202.60688,6557.70919,0.0309,MS,2021-07-14,3,0,2021-07-14,-20.6383609,-47.2801241
Brazil,SP,Paulicéia/SP,3536406,35111,Alta Paulista,15,724,201.23424,9712.90582,0.02072,MS,2021-07-14,45,0,2021-07-14,-21.3143975,-51.8316259
Brazil,SP,Paulistânia/SP,3536570,35062,Bauru,5,149,272.62814,8124.31843,0.03356,MS,2021-07-14,1,0,2021-07-14,-22.5769873,-49.4028157
Brazil,SP,Paulo de Faria/SP,3536604,35155,São José do Rio Preto,24,620,267.88704,6920.41522,0.03871,MS,2021-07-14,4,0,2021-07-14,-20.029593,-49.3998592
Brazil,SP,Paulínia/SP,3536505,35072,Região Metropolitana de Campinas,265,14540,236.60081,12981.79513,0.01823,MS,2021-07-14,151,1,2021-07-14,-22.7630391,-47.1532213
Brazil,SP,Pederneiras/SP,3536703,35062,Bauru,76,4115,161.32114,8734.69041,0.01847,MS,2021-07-14,28,0,2021-07-14,-22.351086,-48.778113
Brazil,SP,Pedra Bela/SP,3536802,35071,Bragança,4,183,65.46645,2995.09002,0.02186,MS,2021-07-14,1,0,2021-07-14,-22.7950193,-46.4431811
Brazil,SP,Pedranópolis/SP,3536901,35154,Fernandópolis,5,235,201.53164,9471.9871,0.02128,MS,2021-07-14,0,0,2021-07-14,-20.249177,-50.1102463
Brazil,SP,Pedregulho/SP,3537008,35081,Três Colinas,16,279,95.17578,1659.62762,0.05735,MS,2021-07-14,0,0,2021-07-14,-20.25071,-47.4808786
Brazil,SP,Pedreira/SP,3537107,35072,Região Metropolitana de Campinas,51,3657,105.23492,7545.9629,0.01395,MS,2021-07-14,11,0,2021-07-14,-22.741347,-46.894846
Brazil,SP,Pedrinhas Paulista/SP,3537156,35092,Assis,5,403,161.23831,12995.8078,0.01241,MS,2021-07-14,0,0,2021-07-14,-22.815725,-50.792359
Brazil,SP,Pedro de Toledo/SP,3537206,35121,Vale do Ribeira,15,422,131.33701,3694.9479,0.03555,MS,2021-07-14,4,0,2021-07-14,-24.2769071,-47.23393
Brazil,SP,Penápolis/SP,3537305,35023,Consórcios do DRS II,227,6571,356.03934,10306.31931,0.03455,MS,2021-07-14,29,0,2021-07-14,-21.4192406,-50.0765588
Brazil,SP,Pereira Barreto/SP,3537404,35022,Lagos do DRS II,89,2350,346.6137,9152.15952,0.03787,MS,2021-07-14,7,1,2021-07-14,-20.6378509,-51.1052172
Brazil,SP,Pereiras/SP,3537503,35063,Polo Cuesta,21,1100,239.3708,12538.47031,0.01909,MS,2021-07-14,3,0,2021-07-14,-23.0743096,-47.9746014
Brazil,SP,Peruíbe/SP,3537602,35041,Baixada Santista,210,6452,304.34342,9350.58912,0.03255,MS,2021-07-14,39,4,2021-07-14,-24.3218105,-46.9977452
Brazil,SP,Piacatu/SP,3537701,35023,Consórcios do DRS II,9,706,149.05598,11692.61345,0.01275,MS,2021-07-14,1,0,2021-07-14,-21.5901744,-50.5972241
Brazil,SP,Piedade/SP,3537800,35163,Sorocaba,132,5291,237.65799,9526.12437,0.02495,MS,2021-07-14,19,1,2021-07-14,-23.7074096,-47.4252319
Brazil,SP,Pilar do Sul/SP,3537909,35163,Sorocaba,76,2879,258.48582,9791.85089,0.0264,MS,2021-07-14,11,0,2021-07-14,-23.8121684,-47.7201865
Brazil,SP,Pindamonhangaba/SP,3538006,35174,Vale do Paraíba/Região Serrana,272,12518,159.87586,7357.81628,0.02173,MS,2021-07-14,120,1,2021-07-14,-22.9340165,-45.462938
Brazil,SP,Pindorama/SP,3538105,35151,Catanduva,53,1603,307.85316,9311.10595,0.03306,MS,2021-07-14,30,0,2021-07-14,-21.1853,-48.90861
Brazil,SP,Pinhalzinho/SP,3538204,35071,Bragança,5,879,32.49285,5712.24331,0.00569,MS,2021-07-14,10,0,2021-07-14,-22.7824349,-46.5901718
Brazil,SP,Piquerobi/SP,3538303,35114,Extremo Oeste Paulista,4,233,108.13733,6298.99973,0.01717,MS,2021-07-14,0,0,2021-07-14,-21.8856652,-51.7296404
Brazil,SP,Piquete/SP,3538501,35172,Circuito da Fé e Vale Histórico,14,332,103.13076,2445.67219,0.04217,MS,2021-07-14,3,0,2021-07-14,-22.6138451,-45.1777096
Brazil,SP,Piracaia/SP,3538600,35071,Bragança,39,3220,142.01442,11725.29313,0.01211,MS,2021-07-14,24,0,2021-07-14,-23.052545,-46.359374
Brazil,SP,Piracicaba/SP,3538709,35103,Piracicaba,1219,58349,299.32327,14327.49256,0.02089,MS,2021-07-14,256,1,2021-07-14,-22.72528,-47.64917
Brazil,SP,Piraju/SP,3538808,35061,Vale do Jurumirim,68,1860,227.66079,6227.19207,0.03656,MS,2021-07-14,7,1,2021-07-14,-23.1897822,-49.3840493
Brazil,SP,Pirajuí/SP,3538907,35062,Bauru,51,2184,198.29698,8491.77651,0.02335,MS,2021-07-14,5,1,2021-07-14,-21.9957877,-49.4549675
Brazil,SP,Pirangi/SP,3539004,35151,Catanduva,62,1621,540.49342,14131.28759,0.03825,MS,2021-07-14,5,0,2021-07-14,-21.0984037,-48.6740537
Brazil,SP,Pirapora do Bom Jesus/SP,3539103,35014,Rota dos Bandeirantes,16,1438,83.42893,7498.17499,0.01113,MS,2021-07-14,2,0,2021-07-14,-23.3972146,-47.0025661
Brazil,SP,Pirapozinho/SP,3539202,35112,Alta Sorocabana,66,2693,237.80356,9703.10586,0.02451,MS,2021-07-14,13,0,2021-07-14,-22.2738742,-51.4998867
Brazil,SP,Pirassununga/SP,3539301,35101,Araras,228,8459,296.57765,11003.29097,0.02695,MS,2021-07-14,21,1,2021-07-14,-21.9980468,-47.4280861
Brazil,SP,Piratininga/SP,3539400,35062,Bauru,31,903,225.20886,6560.11624,0.03433,MS,2021-07-14,10,0,2021-07-14,-22.4136363,-49.1351479
Brazil,SP,Pitangueiras/SP,3539509,35131,Horizonte Verde,148,4868,369.26148,12145.70858,0.0304,MS,2021-07-14,20,0,2021-07-14,-21.013203,-48.220951
Brazil,SP,Planalto/SP,3539608,35156,José Bonifácio,9,580,169.68326,10935.14329,0.01552,MS,2021-07-14,6,0,2021-07-14,-21.0342886,-49.9286556
Brazil,SP,Platina/SP,3539707,35092,Assis,11,331,307.43432,9250.9782,0.03323,MS,2021-07-14,0,0,2021-07-14,-22.6328334,-50.2049642
Brazil,SP,Poloni/SP,3539905,35156,José Bonifácio,17,785,278.09586,12841.48536,0.02166,MS,2021-07-14,2,0,2021-07-14,-20.7836955,-49.8149752
Brazil,SP,Pompéia/SP,3540002,35093,Marília,27,905,121.77521,4081.7247,0.02983,MS,2021-07-14,0,0,2021-07-14,-22.1088293,-50.1720753
Brazil,SP,Pongaí/SP,3540101,35065,Lins,9,341,264.70588,10029.41176,0.02639,MS,2021-07-14,0,0,2021-07-14,-21.7379814,-49.3584449
Brazil,SP,Pontal/SP,3540200,35131,Horizonte Verde,154,4916,302.83961,9667.26972,0.03133,MS,2021-07-14,17,0,2021-07-14,-21.0239714,-48.0393457
Brazil,SP,Pontalinda/SP,3540259,35153,Jales,12,187,256.73941,4000.8558,0.06417,MS,2021-07-14,0,0,2021-07-14,-20.44071,-50.5235329
Brazil,SP,Pontes Gestal/SP,3540309,35157,Votuporanga,8,363,310.43849,14086.14668,0.02204,MS,2021-07-14,0,0,2021-07-14,-20.1833464,-49.7031406
Brazil,SP,Populina/SP,3540408,35154,Fernandópolis,5,255,120.42389,6141.6185,0.01961,MS,2021-07-14,7,0,2021-07-14,-19.9427771,-50.5372875
Brazil,SP,Porangaba/SP,3540507,35063,Polo Cuesta,18,844,178.80203,8383.82835,0.02133,MS,2021-07-14,2,0,2021-07-14,-23.17615,-48.119464
Brazil,SP,Porto Feliz/SP,3540606,35163,Sorocaba,124,8021,232.20104,15020.0367,0.01546,MS,2021-07-14,26,2,2021-07-14,-23.2137274,-47.5190176
Brazil,SP,Porto Ferreira/SP,3540705,35034,Coração do DRS III,148,6629,261.92836,11731.91278,0.02233,MS,2021-07-14,159,1,2021-07-14,-21.8529134,-47.4794943
Brazil,SP,Potim/SP,3540754,35172,Circuito da Fé e Vale Histórico,37,1809,147.23438,7198.56745,0.02045,MS,2021-07-14,11,0,2021-07-14,-22.8377227,-45.2565239
Brazil,SP,Potirendaba/SP,3540804,35155,São José do Rio Preto,67,2847,382.50742,16253.71089,0.02353,MS,2021-07-14,25,0,2021-07-14,-21.0457369,-49.3767154
Brazil,SP,Poá/SP,3539806,35011,Alto do Tietê,352,8001,297.42541,6760.5134,0.04399,MS,2021-07-14,34,3,2021-07-14,-23.5249082,-46.3445663
Brazil,SP,Pracinha/SP,3540853,35091,Adamantina,1,179,23.74169,4249.76258,0.00559,MS,2021-07-14,0,0,2021-07-14,-21.8537103,-51.0862052
Brazil,SP,Pradópolis/SP,3540903,35131,Horizonte Verde,36,1787,164.58648,8169.88982,0.02015,MS,2021-07-14,5,0,2021-07-14,-21.3597815,-48.0746603
Brazil,SP,Praia Grande/SP,3541000,35041,Baixada Santista,669,20345,202.20949,6149.40531,0.03288,MS,2021-07-14,107,0,2021-07-14,-24.005833,-46.402778
Brazil,SP,Pratânia/SP,3541059,35063,Polo Cuesta,11,824,206.88358,15497.46097,0.01335,MS,2021-07-14,6,0,2021-07-14,-22.809027,-48.6656779
Brazil,SP,Presidente Alves/SP,3541109,35062,Bauru,7,271,171.56863,6642.15686,0.02583,MS,2021-07-14,5,0,2021-07-14,-22.09991,-49.438133
Brazil,SP,Presidente Bernardes/SP,3541208,35112,Alta Sorocabana,34,1246,261.07656,9567.68794,0.02729,MS,2021-07-14,0,0,2021-07-14,-22.0064236,-51.5543885
Brazil,SP,Presidente Epitácio/SP,3541307,35114,Extremo Oeste Paulista,108,2940,243.30352,6623.26252,0.03673,MS,2021-07-14,19,2,2021-07-14,-21.765074,-52.11114
Brazil,SP,Presidente Prudente/SP,3541406,35112,Alta Sorocabana,809,28220,351.17267,12249.80575,0.02867,MS,2021-07-14,121,2,2021-07-14,-22.1225167,-51.3882528
Brazil,SP,Presidente Venceslau/SP,3541505,35114,Extremo Oeste Paulista,101,3141,255.16004,7935.22472,0.03216,MS,2021-07-14,35,-1,2021-07-14,-21.877116,-51.8451047
Brazil,SP,Promissão/SP,3541604,35065,Lins,85,5270,208.19046,12907.80837,0.01613,MS,2021-07-14,33,3,2021-07-14,-21.5404913,-49.8574709
Brazil,SP,Quadra/SP,3541653,35161,Itapetininga,7,211,181.62948,5474.83134,0.03318,MS,2021-07-14,3,0,2021-07-14,-23.299332,-48.054657
Brazil,SP,Quatá/SP,3541703,35113,Alto Capivari,27,1239,190.00704,8719.21182,0.02179,MS,2021-07-14,30,0,2021-07-14,-22.2470977,-50.7003624
Brazil,SP,Queiroz/SP,3541802,35095,Tupã,3,375,86.7052,10838.15029,0.008,MS,2021-07-14,5,0,2021-07-14,-21.7991405,-50.2392786
Brazil,SP,Queluz/SP,3541901,35172,Circuito da Fé e Vale Histórico,7,963,51.44789,7077.75981,0.00727,MS,2021-07-14,4,0,2021-07-14,-22.5371881,-44.7752585
Brazil,SP,Quintana/SP,3542008,35093,Marília,20,531,299.04306,7939.5933,0.03766,MS,2021-07-14,2,0,2021-07-14,-22.0705513,-50.308652
Brazil,SP,Rafard/SP,3542107,35103,Piracicaba,7,955,76.91462,10493.35238,0.00733,MS,2021-07-14,3,0,2021-07-14,-23.0152874,-47.5275571
Brazil,SP,Rancharia/SP,3542206,35113,Alto Capivari,88,3901,296.03714,13123.19182,0.02256,MS,2021-07-14,7,0,2021-07-14,-22.2294981,-50.8922333
Brazil,SP,Redenção da Serra/SP,3542305,35174,Vale do Paraíba/Região Serrana,2,107,52.0969,2787.18416,0.01869,MS,2021-07-14,0,0,2021-07-14,-23.2812573,-45.5348457
Brazil,SP,Regente Feijó/SP,3542404,35112,Alta Sorocabana,55,677,269.68716,3319.60381,0.08124,MS,2021-07-14,0,0,2021-07-14,-22.218131,-51.30545
Brazil,SP,Reginópolis/SP,3542503,35062,Bauru,16,302,162.65121,3070.04168,0.05298,MS,2021-07-14,1,1,2021-07-14,-21.8884118,-49.22273
Brazil,SP,Registro/SP,3542602,35121,Vale do Ribeira,205,6279,363.5203,11134.36065,0.03265,MS,2021-07-14,12,0,2021-07-14,-24.497942,-47.844895
Brazil,SP,Restinga/SP,3542701,35081,Três Colinas,8,563,104.18023,7331.68381,0.01421,MS,2021-07-14,8,0,2021-07-14,-20.605593,-47.483254
Brazil,SP,Ribeira/SP,3542800,35162,Itapeva,3,415,90.09009,12462.46246,0.00723,MS,2021-07-14,5,0,2021-07-14,-24.6577435,-49.0086372
Brazil,SP,Ribeirão Bonito/SP,3542909,35034,Coração do DRS III,26,978,195.50342,7353.93639,0.02658,MS,2021-07-14,15,0,2021-07-14,-22.0692867,-48.1781765
Brazil,SP,Ribeirão Branco/SP,3543006,35162,Itapeva,49,1769,302.26389,10912.34347,0.0277,MS,2021-07-14,4,0,2021-07-14,-24.2211495,-48.7678322
Brazil,SP,Ribeirão Corrente/SP,3543105,35081,Três Colinas,3,289,63.13131,6081.64983,0.01038,MS,2021-07-14,1,0,2021-07-14,-20.457872,-47.590394
Brazil,SP,Ribeirão Grande/SP,3543253,35161,Itapetininga,8,453,104.18023,5899.20563,0.01766,MS,2021-07-14,10,0,2021-07-14,-24.10114,-48.367931
Brazil,SP,Ribeirão Pires/SP,3543303,35015,Grande ABC,330,8147,265.78822,6561.74744,0.04051,MS,2021-07-14,43,0,2021-07-14,-23.7129388,-46.4150871
Brazil,SP,Ribeirão Preto/SP,3543402,35132,Aquífero Guarani,2626,70277,368.9109,9872.79177,0.03737,MS,2021-07-14,261,6,2021-07-14,-21.178333,-47.8066671
Brazil,SP,Ribeirão do Sul/SP,3543204,35094,Ourinhos,11,636,242.34413,14011.89689,0.0173,MS,2021-07-14,0,0,2021-07-14,-22.7861813,-49.9285258
Brazil,SP,Ribeirão dos Índios/SP,3543238,35112,Alta Sorocabana,5,70,224.82014,3147.48201,0.07143,MS,2021-07-14,0,0,2021-07-14,-21.8378246,-51.602158
Brazil,SP,Rifaina/SP,3543600,35081,Três Colinas,11,462,302.1978,12692.30769,0.02381,MS,2021-07-14,8,0,2021-07-14,-20.080256,-47.429109
Brazil,SP,Rincão/SP,3543709,35031,Central do DRS III,27,510,249.72253,4716.98113,0.05294,MS,2021-07-14,6,0,2021-07-14,-21.5881095,-48.0724258
Brazil,SP,Rinópolis/SP,3543808,35095,Tupã,8,536,80.31322,5380.98584,0.01493,MS,2021-07-14,10,0,2021-07-14,-21.7283596,-50.7227246
Brazil,SP,Rio Claro/SP,3543907,35104,Rio Claro,532,12010,255.75939,5773.81639,0.0443,MS,2021-07-14,24,9,2021-07-14,-22.4100108,-47.5603933
Brazil,SP,Rio Grande da Serra/SP,3544103,35015,Grande ABC,79,2030,153.58893,3946.65215,0.03892,MS,2021-07-14,0,0,2021-07-14,-23.743724,-46.397084
Brazil,SP,Rio das Pedras/SP,3544004,35103,Piracicaba,89,3187,249.03464,8917.67866,0.02793,MS,2021-07-14,13,0,2021-07-14,-22.8441256,-47.6065667
Brazil,SP,Riolândia/SP,3544202,35157,Votuporanga,29,1870,228.54441,14737.17393,0.01551,MS,2021-07-14,0,0,2021-07-14,-19.980944,-49.6814309
Brazil,SP,Riversul/SP,3543501,35162,Itapeva,26,534,477.67775,9810.76612,0.04869,MS,2021-07-14,4,0,2021-07-14,-23.8303603,-49.4340558
Brazil,SP,Rosana/SP,3544251,35115,Pontal do Paranapanema,43,1340,264.11154,8230.45267,0.03209,MS,2021-07-14,0,0,2021-07-14,-22.5788641,-53.0552246
Brazil,SP,Roseira/SP,3544301,35172,Circuito da Fé e Vale Histórico,23,1480,212.94325,13702.43496,0.01554,MS,2021-07-14,0,0,2021-07-14,-22.9012387,-45.3100121
Brazil,SP,Rubinéia/SP,3544509,35152,Santa Fé do Sul,6,379,189.27445,11955.83596,0.01583,MS,2021-07-14,1,0,2021-07-14,-20.1718325,-50.9995571
Brazil,SP,Rubiácea/SP,3544400,35021,Central do DRS II,9,192,284.62998,6072.10626,0.04688,MS,2021-07-14,2,0,2021-07-14,-21.2996334,-50.7298698
Brazil,SP,Sabino/SP,3544608,35065,Lins,26,273,463.12789,4862.84289,0.09524,MS,2021-07-14,0,0,2021-07-14,-21.4598472,-49.5776811
Brazil,SP,Sagres/SP,3544707,35091,Adamantina,3,242,123.45679,9958.84774,0.0124,MS,2021-07-14,0,2,2021-07-14,-21.8840628,-50.9574608
Brazil,SP,Sales Oliveira/SP,3544905,35082,Alta Anhanguera,28,1718,233.37223,14319.05318,0.0163,MS,2021-07-14,8,0,2021-07-14,-20.769612,-47.836873
Brazil,SP,Sales/SP,3544806,35151,Catanduva,27,444,421.41408,6929.9204,0.06081,MS,2021-07-14,2,0,2021-07-14,-21.3418263,-49.4999228
Brazil,SP,Salesópolis/SP,3545001,35011,Alto do Tietê,47,618,272.43218,3582.19337,0.07605,MS,2021-07-14,0,0,2021-07-14,-23.528805,-45.84653
Brazil,SP,Salmourão/SP,3545100,35091,Adamantina,21,310,393.47948,5808.50665,0.06774,MS,2021-07-14,2,1,2021-07-14,-21.625096,-50.8605656
Brazil,SP,Saltinho/SP,3545159,35103,Piracicaba,16,866,190.63505,10318.12224,0.01848,MS,2021-07-14,30,0,2021-07-14,-22.844167,-47.675371
Brazil,SP,Salto Grande/SP,3545407,35094,Ourinhos,7,824,74.75438,8799.65827,0.0085,MS,2021-07-14,0,0,2021-07-14,-22.891426,-49.9851484
Brazil,SP,Salto de Pirapora/SP,3545308,35163,Sorocaba,168,4008,366.33232,8739.64239,0.04192,MS,2021-07-14,16,1,2021-07-14,-23.6492626,-47.5729991
Brazil,SP,Salto/SP,3545209,35163,Sorocaba,314,11047,262.2436,9226.13082,0.02842,MS,2021-07-14,61,0,2021-07-14,-23.1989983,-47.2913682
Brazil,SP,Sandovalina/SP,3545506,35112,Alta Sorocabana,9,380,206.70648,8727.6068,0.02368,MS,2021-07-14,1,0,2021-07-14,-22.4561104,-51.763438
Brazil,SP,Santa Adélia/SP,3545605,35151,Catanduva,55,1540,353.44772,9896.53621,0.03571,MS,2021-07-14,4,0,2021-07-14,-21.2432992,-48.8061481
Brazil,SP,Santa Albertina/SP,3545704,35153,Jales,21,575,348.72136,9548.32282,0.03652,MS,2021-07-14,1,0,2021-07-14,-20.0323485,-50.7278392
Brazil,SP,Santa Branca/SP,3546009,35171,Alto Vale do Paraíba,32,1112,215.38669,7484.68735,0.02878,MS,2021-07-14,4,0,2021-07-14,-23.3974353,-45.8842294
Brazil,SP,Santa Bárbara d'Oeste/SP,3545803,35072,Região Metropolitana de Campinas,711,20852,365.75956,10726.88924,0.0341,MS,2021-07-14,105,9,2021-07-14,-22.7552511,-47.4144958
Brazil,SP,Santa Clara d'Oeste/SP,3546108,35152,Santa Fé do Sul,15,237,709.89115,11216.28017,0.06329,MS,2021-07-14,1,1,2021-07-14,-20.0938889,-50.9263889
Brazil,SP,Santa Cruz da Conceição/SP,3546207,35101,Araras,13,635,286.09155,13974.47183,0.02047,MS,2021-07-14,4,0,2021-07-14,-22.1378975,-47.4555647
Brazil,SP,Santa Cruz da Esperança/SP,3546256,35133,Vale das Cachoeiras,4,191,185.78727,8871.34231,0.02094,MS,2021-07-14,3,0,2021-07-14,-21.2918648,-47.4309885
Brazil,SP,Santa Cruz das Palmeiras/SP,3546306,35142,Mantiqueira,104,3668,299.39258,10559.34594,0.02835,MS,2021-07-14,19,1,2021-07-14,-21.823475,-47.248023
Brazil,SP,Santa Cruz do Rio Pardo/SP,3546405,35094,Ourinhos,155,6251,323.30059,13038.39977,0.0248,MS,2021-07-14,27,9,2021-07-14,-22.9060715,-49.6277378
Brazil,SP,Santa Ernestina/SP,3546504,35033,Norte do DRS III,15,531,268.43236,9502.50537,0.02825,MS,2021-07-14,1,0,2021-07-14,-21.4634463,-48.3912139
Brazil,SP,Santa Fé do Sul/SP,3546603,35152,Santa Fé do Sul,101,4587,310.16798,14086.53994,0.02202,MS,2021-07-14,35,2,2021-07-14,-20.2106188,-50.9270837
Brazil,SP,Santa Gertrudes/SP,3546702,35104,Rio Claro,66,3438,241.04306,12556.15208,0.0192,MS,2021-07-14,1,1,2021-07-14,-22.4590897,-47.532034
Brazil,SP,Santa Isabel/SP,3546801,35011,Alto do Tietê,241,5452,415.76096,9405.51358,0.0442,MS,2021-07-14,6,1,2021-07-14,-23.3194222,-46.2271903
Brazil,SP,Santa Lúcia/SP,3546900,35031,Central do DRS III,18,646,203.29794,7296.13734,0.02786,MS,2021-07-14,1,0,2021-07-14,-21.6861811,-48.0836814
Brazil,SP,Santa Maria da Serra/SP,3547007,35103,Piracicaba,8,762,128.28736,12219.37139,0.0105,MS,2021-07-14,13,0,2021-07-14,-22.5691072,-48.157095
Brazil,SP,Santa Mercedes/SP,3547106,35111,Alta Paulista,5,229,169.89467,7781.17567,0.02183,MS,2021-07-14,2,0,2021-07-14,-21.3513258,-51.7534
Brazil,SP,Santa Rita d'Oeste/SP,3547403,35152,Santa Fé do Sul,8,273,321.6727,10977.08082,0.0293,MS,2021-07-14,0,0,2021-07-14,-20.1448079,-50.8317569
Brazil,SP,Santa Rita do Passa Quatro/SP,3547502,35132,Aquífero Guarani,37,1621,134.05797,5873.18841,0.02283,MS,2021-07-14,7,0,2021-07-14,-21.7103738,-47.4777943
Brazil,SP,Santa Rosa de Viterbo/SP,3547601,35132,Aquífero Guarani,39,2094,145.77804,7827.15957,0.01862,MS,2021-07-14,6,0,2021-07-14,-21.4869452,-47.3654908
Brazil,SP,Santa Salete/SP,3547650,35153,Jales,5,185,322.16495,11920.10309,0.02703,MS,2021-07-14,0,0,2021-07-14,-20.2451795,-50.6889625
Brazil,SP,Santana da Ponte Pensa/SP,3547205,35153,Jales,2,46,136.33265,3135.65099,0.04348,MS,2021-07-14,0,0,2021-07-14,-20.2543758,-50.7975649
Brazil,SP,Santana de Parnaíba/SP,3547304,35014,Rota dos Bandeirantes,348,13906,244.55204,9772.24334,0.02503,MS,2021-07-14,43,0,2021-07-14,-23.4446715,-46.9167722
Brazil,SP,Santo Anastácio/SP,3547700,35112,Alta Sorocabana,33,1593,158.15202,7634.42921,0.02072,MS,2021-07-14,6,0,2021-07-14,-21.974662,-51.652662
Brazil,SP,Santo André/SP,3547809,35015,Grande ABC,2832,59675,392.58742,8272.47674,0.04746,MS,2021-07-14,150,8,2021-07-14,-23.6573395,-46.5322504
Brazil,SP,Santo Antônio da Alegria/SP,3547908,35133,Vale das Cachoeiras,18,797,257.99054,11423.24781,0.02258,MS,2021-07-14,2,0,2021-07-14,-21.0893048,-47.1523426
Brazil,SP,Santo Antônio de Posse/SP,3548005,35072,Região Metropolitana de Campinas,42,2964,178.50312,12597.22045,0.01417,MS,2021-07-14,14,0,2021-07-14,-22.6054087,-46.9210727
Brazil,SP,Santo Antônio do Aracanguá/SP,3548054,35021,Central do DRS II,29,641,341.94081,7558.07098,0.04524,MS,2021-07-14,1,0,2021-07-14,-20.9354866,-50.4953504
Brazil,SP,Santo Antônio do Jardim/SP,3548104,35142,Mantiqueira,19,507,319.86532,8535.35354,0.03748,MS,2021-07-14,2,0,2021-07-14,-22.1158536,-46.6839541
Brazil,SP,Santo Antônio do Pinhal/SP,3548203,35174,Vale do Paraíba/Região Serrana,8,651,117.18178,9535.6672,0.01229,MS,2021-07-14,7,0,2021-07-14,-22.8250504,-45.6674063
Brazil,SP,Santo Expedito/SP,3548302,35112,Alta Sorocabana,5,171,159.48963,5454.54545,0.02924,MS,2021-07-14,1,1,2021-07-14,-21.8508736,-51.3925315
Brazil,SP,Santos/SP,3548500,35041,Baixada Santista,1980,55816,456.5831,12871.03142,0.03547,MS,2021-07-14,125,10,2021-07-14,-23.960833,-46.333889
Brazil,SP,Santópolis do Aguapeí/SP,3548401,35023,Consórcios do DRS II,14,526,290.63733,10919.65954,0.02662,MS,2021-07-14,1,0,2021-07-14,-21.6379556,-50.5008527
Brazil,SP,Sarapuí/SP,3551108,35161,Itapetininga,4,389,38.49856,3743.9846,0.01028,MS,2021-07-14,1,0,2021-07-14,-23.63974,-47.824863
Brazil,SP,Sarutaiá/SP,3551207,35061,Vale do Jurumirim,18,124,495.86777,3415.97796,0.14516,MS,2021-07-14,0,0,2021-07-14,-23.259999999999998,-49.48391356925633
Brazil,SP,Sebastianópolis do Sul/SP,3551306,35157,Votuporanga,6,176,168.82386,4952.16657,0.03409,MS,2021-07-14,4,0,2021-07-14,-20.6581669,-49.9229043
Brazil,SP,Serra Azul/SP,3551405,35132,Aquífero Guarani,14,1235,93.45171,8243.77545,0.01134,MS,2021-07-14,0,0,2021-07-14,-21.3132591,-47.5635821
Brazil,SP,Serra Negra/SP,3551603,35074,Circuito das Águas,53,2848,179.95382,9669.97148,0.01861,MS,2021-07-14,9,0,2021-07-14,-22.61222,-46.70056
Brazil,SP,Serrana/SP,3551504,35132,Aquífero Guarani,91,4322,199.36903,9468.93349,0.02106,MS,2021-07-14,9,0,2021-07-14,-21.2066883,-47.6053774
Brazil,SP,Sertãozinho/SP,3551702,35131,Horizonte Verde,421,17658,331.12583,13888.40824,0.02384,MS,2021-07-14,208,1,2021-07-14,-21.1375782,-47.9913741
Brazil,SP,Sete Barras/SP,3551801,35121,Vale do Ribeira,40,1775,312.98905,13888.88889,0.02254,MS,2021-07-14,2,0,2021-07-14,-24.3878438,-47.9265798
Brazil,SP,Severínia/SP,3551900,35051,Norte - Barretos,63,2125,356.71819,12032.16126,0.02965,MS,2021-07-14,2,1,2021-07-14,-20.810753,-48.80538
Brazil,SP,Silveiras/SP,3552007,35172,Circuito da Fé e Vale Histórico,6,448,94.65215,7067.36078,0.01339,MS,2021-07-14,1,0,2021-07-14,-22.66384,-44.852157
Brazil,SP,Socorro/SP,3552106,35071,Bragança,61,3872,147.51403,9363.51325,0.01575,MS,2021-07-14,25,0,2021-07-14,-22.5902619,-46.5249112
Brazil,SP,Sorocaba/SP,3552205,35163,Sorocaba,2512,68445,365.45783,9957.70757,0.0367,MS,2021-07-14,139,7,2021-07-14,-23.501667,-47.458056
Brazil,SP,Sud Mennucci/SP,3552304,35022,Lagos do DRS II,13,879,168.21946,11374.2236,0.01479,MS,2021-07-14,4,0,2021-07-14,-20.6906175,-50.9240834
Brazil,SP,Sumaré/SP,3552403,35072,Região Metropolitana de Campinas,742,24655,259.2493,8614.27408,0.0301,MS,2021-07-14,146,3,2021-07-14,-22.8217964,-47.267105
Brazil,SP,Suzano/SP,3552502,35011,Alto do Tietê,854,21386,284.13722,7115.40829,0.03993,MS,2021-07-14,55,7,2021-07-14,-23.5427842,-46.3108391
Brazil,SP,Suzanápolis/SP,3552551,35022,Lagos do DRS II,11,346,274.04086,8619.83059,0.03179,MS,2021-07-14,22,0,2021-07-14,-20.5011185,-51.0246771
Brazil,SP,São Bento do Sapucaí/SP,3548609,35174,Vale do Paraíba/Região Serrana,12,694,110.16249,6371.06399,0.01729,MS,2021-07-14,1,0,2021-07-14,-22.6884605,-45.7329767
Brazil,SP,São Bernardo do Campo/SP,3548708,35015,Grande ABC,3002,68923,355.48377,8161.56157,0.04356,MS,2021-07-14,240,9,2021-07-14,-23.7080345,-46.5506747
Brazil,SP,São Caetano do Sul/SP,3548807,35015,Grande ABC,832,17757,513.7166,10964.02131,0.04685,MS,2021-07-14,56,0,2021-07-14,-23.6195923,-46.5688323
Brazil,SP,São Carlos/SP,3548906,35034,Coração do DRS III,468,23765,183.90154,9338.50458,0.01969,MS,2021-07-14,169,3,2021-07-14,-22.0183367,-47.890932
Brazil,SP,São Francisco/SP,3549003,35153,Jales,10,246,354.98758,8732.69436,0.04065,MS,2021-07-14,0,0,2021-07-14,-20.3604438,-50.696603
Brazil,SP,São Joaquim da Barra/SP,3549409,35082,Alta Anhanguera,147,6047,280.96867,11557.94262,0.02431,MS,2021-07-14,69,1,2021-07-14,-20.5814993,-47.8608238
Brazil,SP,São José da Bela Vista/SP,3549508,35081,Três Colinas,15,283,167.41071,3158.48214,0.053,MS,2021-07-14,0,0,2021-07-14,-20.5934194,-47.6416942
Brazil,SP,São José do Barreiro/SP,3549607,35172,Circuito da Fé e Vale Histórico,4,259,96.5251,6250,0.01544,MS,2021-07-14,0,0,2021-07-14,-22.6452376,-44.5805246
Brazil,SP,São José do Rio Pardo/SP,3549706,35143,Rio Pardo,75,3118,136.05689,5656.33844,0.02405,MS,2021-07-14,18,0,2021-07-14,-21.595288,-46.887303
Brazil,SP,São José do Rio Preto/SP,3549805,35155,São José do Rio Preto,2576,87106,553.99875,18733.15799,0.02957,MS,2021-07-14,254,8,2021-07-14,-20.8125851,-49.3804212
Brazil,SP,São José dos Campos/SP,3549904,35171,Alto Vale do Paraíba,1797,84713,246.2531,11608.70286,0.02121,MS,2021-07-14,250,4,2021-07-14,-23.1805011,-45.8872969
Brazil,SP,São João da Boa Vista/SP,3549102,35142,Mantiqueira,261,7752,284.40357,8447.11292,0.03367,MS,2021-07-14,12,3,2021-07-14,-21.9778137,-46.7881722
Brazil,SP,São João das Duas Pontes/SP,3549201,35154,Fernandópolis,5,184,195.23624,7184.69348,0.02717,MS,2021-07-14,0,0,2021-07-14,-20.3878223,-50.378858
Brazil,SP,São João de Iracema/SP,3549250,35154,Fernandópolis,6,160,310.55901,8281.5735,0.0375,MS,2021-07-14,1,0,2021-07-14,-20.5134345,-50.352595
Brazil,SP,São João do Pau d'Alho/SP,3549300,35111,Alta Paulista,1,164,47.61905,7809.52381,0.0061,MS,2021-07-14,0,0,2021-07-14,-21.2701055,-51.6654978
Brazil,SP,São Lourenço da Serra/SP,3549953,35013,Mananciais,35,668,219.0512,4180.74853,0.0524,MS,2021-07-14,1,1,2021-07-14,-23.8535923,-46.9440587
Brazil,SP,São Luiz do Paraitinga/SP,3550001,35174,Vale do Paraíba/Região Serrana,22,76,205.79981,710.94481,0.28947,MS,2021-07-14,1,0,2021-07-14,-23.2220188,-45.3108724
Brazil,SP,São Manuel/SP,3550100,35063,Polo Cuesta,142,5259,345.30555,12788.46388,0.027,MS,2021-07-14,15,0,2021-07-14,-22.732081,-48.572316
Brazil,SP,São Miguel Arcanjo/SP,3550209,35161,Itapetininga,63,1976,190.89752,5987.51591,0.03188,MS,2021-07-14,10,2,2021-07-14,-23.8807771,-47.9963492
Brazil,SP,São Paulo/SP,3550308,35016,São Paulo,34445,879316,279.46736,7134.27544,0.03917,MS,2021-07-14,2469,70,2021-07-14,-23.5506507,-46.6333824
Brazil,SP,São Pedro do Turvo/SP,3550506,35094,Ourinhos,9,661,116.94387,8588.87734,0.01362,MS,2021-07-14,0,0,2021-07-14,-22.745286,-49.742829
Brazil,SP,São Pedro/SP,3550407,35103,Piracicaba,88,4687,244.58032,13026.68149,0.01878,MS,2021-07-14,26,1,2021-07-14,-22.5512765,-47.9072359
Brazil,SP,São Roque/SP,3550605,35163,Sorocaba,93,6275,101.02107,6816.20682,0.01482,MS,2021-07-14,22,0,2021-07-14,-23.5304843,-47.1355473
Brazil,SP,São Sebastião da Grama/SP,3550803,35143,Rio Pardo,32,1091,263.17954,8972.77737,0.02933,MS,2021-07-14,0,0,2021-07-14,-21.7118854,-46.8284162
Brazil,SP,São Sebastião/SP,3550704,35173,Litoral Norte,160,7977,177.13223,8831.1487,0.02006,MS,2021-07-14,146,0,2021-07-14,-23.8027866,-45.4070527
Brazil,SP,São Simão/SP,3550902,35132,Aquífero Guarani,24,943,155.9961,6129.34677,0.02545,MS,2021-07-14,7,0,2021-07-14,-21.4800208,-47.5531095
Brazil,SP,São Vicente/SP,3551009,35041,Baixada Santista,1127,17533,305.95485,4759.81051,0.06428,MS,2021-07-14,17,5,2021-07-14,-23.9603686,-46.3847024
Brazil,SP,Tabapuã/SP,3552601,35151,Catanduva,49,1778,392.47097,14241.08931,0.02756,MS,2021-07-14,8,1,2021-07-14,-20.9648397,-49.0332398
Brazil,SP,Tabatinga/SP,3552700,35032,Centro Oeste do DRS III,52,1908,312.4249,11463.59048,0.02725,MS,2021-07-14,19,0,2021-07-14,-21.7373768,-48.6880522
Brazil,SP,Taboão da Serra/SP,3552809,35013,Mananciais,860,17572,292.86366,5983.9538,0.04894,MS,2021-07-14,19,6,2021-07-14,-23.6121912,-46.7790539
Brazil,SP,Taciba/SP,3552908,35112,Alta Sorocabana,23,668,363.40654,10554.58998,0.03443,MS,2021-07-14,1,0,2021-07-14,-22.3901284,-51.2888486
Brazil,SP,Taguaí/SP,3553005,35061,Vale do Jurumirim,36,2337,254.57888,16526.41256,0.0154,MS,2021-07-14,27,0,2021-07-14,-23.4534312,-49.4054454
Brazil,SP,Taiaçu/SP,3553104,35052,Sul - Barretos,10,351,158.22785,5553.79747,0.02849,MS,2021-07-14,0,0,2021-07-14,-21.143144,-48.511203
Brazil,SP,Taiúva/SP,3553203,35052,Sul - Barretos,12,854,215.67218,15348.67002,0.01405,MS,2021-07-14,0,0,2021-07-14,-21.1238184,-48.4512476
Brazil,SP,Tambaú/SP,3553302,35142,Mantiqueira,43,2219,185.08953,9551.48072,0.01938,MS,2021-07-14,14,1,2021-07-14,-21.70292,-47.270344
Brazil,SP,Tanabi/SP,3553401,35155,São José do Rio Preto,95,4244,363.97073,16259.91341,0.02238,MS,2021-07-14,29,0,2021-07-14,-20.6251635,-49.6519879
Brazil,SP,Tapiratiba/SP,3553609,35143,Rio Pardo,25,1557,193.05019,12023.16602,0.01606,MS,2021-07-14,42,0,2021-07-14,-21.46824,-46.7493221
Brazil,SP,Tapiraí/SP,3553500,35163,Sorocaba,9,822,115.88978,10584.59954,0.01095,MS,2021-07-14,2,0,2021-07-14,-23.9638345,-47.5067136
Brazil,SP,Taquaral/SP,3553658,35052,Sul - Barretos,10,350,355.49236,12442.23249,0.02857,MS,2021-07-14,0,0,2021-07-14,-21.07373,-48.412553
Brazil,SP,Taquaritinga/SP,3553708,35033,Norte do DRS III,181,6078,315.5289,10595.49543,0.02978,MS,2021-07-14,31,0,2021-07-14,-21.407486,-48.5054848
Brazil,SP,Taquarituba/SP,3553807,35061,Vale do Jurumirim,89,3501,382.69694,15054.17957,0.02542,MS,2021-07-14,2,-1,2021-07-14,-23.5337307,-49.2452541
Brazil,SP,Taquarivaí/SP,3553856,35162,Itapeva,15,471,253.76417,7968.19489,0.03185,MS,2021-07-14,5,0,2021-07-14,-23.9257829,-48.7005328
Brazil,SP,Tarabai/SP,3553906,35112,Alta Sorocabana,25,803,331.56499,10649.86737,0.03113,MS,2021-07-14,0,0,2021-07-14,-22.3038726,-51.5628675
Brazil,SP,Tarumã/SP,3553955,35092,Assis,44,1635,289.7978,10768.6228,0.02691,MS,2021-07-14,3,0,2021-07-14,-22.7474736,-50.5783374
Brazil,SP,Tatuí/SP,3554003,35161,Itapetininga,418,6611,339.9286,5376.23915,0.06323,MS,2021-07-14,105,0,2021-07-14,-23.3514733,-47.8552438
Brazil,SP,Taubaté/SP,3554102,35174,Vale do Paraíba/Região Serrana,730,26197,229.62113,8240.2529,0.02787,MS,2021-07-14,180,7,2021-07-14,-23.031448,-45.5612792
Brazil,SP,Tejupá/SP,3554201,35061,Vale do Jurumirim,8,140,178.13405,3117.3458,0.05714,MS,2021-07-14,2,1,2021-07-14,-23.3437238,-49.3772468
Brazil,SP,Teodoro Sampaio/SP,3554300,35115,Pontal do Paranapanema,47,2722,201.95076,11695.95669,0.01727,MS,2021-07-14,21,0,2021-07-14,-22.447000000000003,-52.33384615384615
Brazil,SP,Terra Roxa/SP,3554409,35052,Sul - Barretos,29,956,307.30105,10130.33803,0.03033,MS,2021-07-14,0,0,2021-07-14,-20.787015,-48.331442
Brazil,SP,Tietê/SP,3554508,35163,Sorocaba,99,4059,232.84804,9546.76953,0.02439,MS,2021-07-14,15,2,2021-07-14,-23.1030302,-47.7147937
Brazil,SP,Timburi/SP,3554607,35094,Ourinhos,6,137,226.24434,5165.91252,0.0438,MS,2021-07-14,2,0,2021-07-14,-23.2064076,-49.6045576
Brazil,SP,Torre de Pedra/SP,3554656,35063,Polo Cuesta,8,134,330.30553,5532.61767,0.0597,MS,2021-07-14,16,0,2021-07-14,-23.2478026,-48.1941034
Brazil,SP,Torrinha/SP,3554706,35064,Jaú,18,1340,178.99761,13325.37788,0.01343,MS,2021-07-14,9,0,2021-07-14,-22.4302536,-48.1690653
Brazil,SP,Trabiju/SP,3554755,35031,Central do DRS III,2,185,115.0748,10644.41887,0.01081,MS,2021-07-14,3,0,2021-07-14,-22.0410733,-48.3350302
Brazil,SP,Tremembé/SP,3554805,35174,Vale do Paraíba/Região Serrana,37,2509,77.54537,5258.41472,0.01475,MS,2021-07-14,16,0,2021-07-14,-23.412211499999998,-46.5877997
Brazil,SP,Três Fronteiras/SP,3554904,35152,Santa Fé do Sul,27,789,462.96296,13528.80658,0.03422,MS,2021-07-14,0,0,2021-07-14,-20.234355,-50.890528
Brazil,SP,Tuiuti/SP,3554953,35071,Bragança,2,181,28.66562,2594.23821,0.01105,MS,2021-07-14,0,0,2021-07-14,-22.819324,-46.6937627
Brazil,SP,Tupi Paulista/SP,3555109,35111,Alta Paulista,42,1522,269.52448,9767.05384,0.0276,MS,2021-07-14,14,0,2021-07-14,-21.3861914,-51.5761284
Brazil,SP,Tupã/SP,3555000,35095,Tupã,240,6629,366.02105,10109.80631,0.0362,MS,2021-07-14,30,0,2021-07-14,-21.9348631,-50.5135113
Brazil,SP,Turiúba/SP,3555208,35023,Consórcios do DRS II,4,175,198.0198,8663.36634,0.02286,MS,2021-07-14,1,0,2021-07-14,-20.9491284,-50.1082011
Brazil,SP,Turmalina/SP,3555307,35154,Fernandópolis,4,179,235.84906,10554.24528,0.02235,MS,2021-07-14,0,0,2021-07-14,-20.0530658,-50.4763212
Brazil,SP,Ubarana/SP,3555356,35156,José Bonifácio,18,1014,281.25,15843.75,0.01775,MS,2021-07-14,2,0,2021-07-14,-21.1637674,-49.7167796
Brazil,SP,Ubatuba/SP,3555406,35173,Litoral Norte,121,6362,131.77383,6928.47186,0.01902,MS,2021-07-14,6,0,2021-07-14,-23.433162,-45.083415
Brazil,SP,Ubirajara/SP,3555505,35093,Marília,7,510,145.71191,10616.15321,0.01373,MS,2021-07-14,19,0,2021-07-14,-22.5261054,-49.6635412
Brazil,SP,Uchoa/SP,3555604,35155,São José do Rio Preto,29,1370,285.68614,13496.20727,0.02117,MS,2021-07-14,5,0,2021-07-14,-20.951106,-49.171295
Brazil,SP,União Paulista/SP,3555703,35156,José Bonifácio,5,213,268.09651,11420.91153,0.02347,MS,2021-07-14,0,0,2021-07-14,-20.8878168,-49.8986804
Brazil,SP,Uru/SP,3555901,35065,Lins,4,158,346.92108,13703.38248,0.02532,MS,2021-07-14,0,0,2021-07-14,-21.7846064,-49.2819702
Brazil,SP,Urupês/SP,3556008,35151,Catanduva,38,813,273.61751,5853.97465,0.04674,MS,2021-07-14,1,0,2021-07-14,-21.2027026,-49.2921996
Brazil,SP,Urânia/SP,3555802,35153,Jales,33,1233,361.84211,13519.73684,0.02676,MS,2021-07-14,7,0,2021-07-14,-20.244491,-50.6450868
Brazil,SP,Valentim Gentil/SP,3556107,35157,Votuporanga,62,1984,458.17322,14661.54301,0.03125,MS,2021-07-14,13,0,2021-07-14,-20.4226107,-50.0861511
Brazil,SP,Valinhos/SP,3556206,35072,Região Metropolitana de Campinas,362,12935,275.89361,9858.24251,0.02799,MS,2021-07-14,48,0,2021-07-14,-22.97056,-46.99583
Brazil,SP,Valparaíso/SP,3556305,35021,Central do DRS II,74,2865,275.89292,10681.53009,0.02583,MS,2021-07-14,8,0,2021-07-14,-21.2237832,-50.8669778
Brazil,SP,Vargem Grande Paulista/SP,3556453,35013,Mananciais,97,2403,181.41692,4494.27695,0.04037,MS,2021-07-14,8,0,2021-07-14,-23.599338,-47.022038
Brazil,SP,Vargem Grande do Sul/SP,3556404,35142,Mantiqueira,70,2801,162.37532,6497.33241,0.02499,MS,2021-07-14,0,0,2021-07-14,-21.832194,-46.891286
Brazil,SP,Vargem/SP,3556354,35071,Bragança,7,180,65.46951,1683.50168,0.03889,MS,2021-07-14,0,0,2021-07-14,-22.8902379,-46.4145366
Brazil,SP,Vera Cruz/SP,3556602,35093,Marília,35,624,323.38538,5765.4994,0.05609,MS,2021-07-14,1,0,2021-07-14,-22.2212638,-49.8243021
Brazil,SP,Vinhedo/SP,3556701,35072,Região Metropolitana de Campinas,170,9276,212.20556,11578.93423,0.01833,MS,2021-07-14,39,0,2021-07-14,-23.0295183,-46.9756292
Brazil,SP,Viradouro/SP,3556800,35052,Sul - Barretos,82,1807,431.19314,9502.0245,0.04538,MS,2021-07-14,0,0,2021-07-14,-20.8726051,-48.2968122
Brazil,SP,Vista Alegre do Alto/SP,3556909,35052,Sul - Barretos,12,961,133.4965,10690.84437,0.01249,MS,2021-07-14,86,0,2021-07-14,-21.171293,-48.6299172
Brazil,SP,Vitória Brasil/SP,3556958,35153,Jales,8,210,433.36945,11375.948,0.0381,MS,2021-07-14,0,0,2021-07-14,-20.1978821,-50.4847947
Brazil,SP,Votorantim/SP,3557006,35163,Sorocaba,453,10282,366.50782,8318.83753,0.04406,MS,2021-07-14,37,2,2021-07-14,-23.5466667,-47.4377778
Brazil,SP,Votuporanga/SP,3557105,35157,Votuporanga,416,13468,436.34228,14126.58122,0.03089,MS,2021-07-14,37,2,2021-07-14,-20.4252506,-49.97226
Brazil,SP,Várzea Paulista/SP,3556503,35073,Jundiaí,220,7318,178.7586,5946.16116,0.03006,MS,2021-07-14,35,3,2021-07-14,-23.2113889,-46.8283333
Brazil,SP,Zacarias/SP,3557154,35156,José Bonifácio,10,245,363.37209,8902.61628,0.04082,MS,2021-07-14,1,0,2021-07-14,-21.0519444,-50.0508333
Brazil,SP,Águas da Prata/SP,3500402,35142,Mantiqueira,24,598,291.93529,7274.05425,0.04013,MS,2021-07-14,9,1,2021-07-14,-21.9464285,-46.7192121
Brazil,SP,Águas de Lindóia/SP,3500501,35074,Circuito das Águas,46,1897,244.57678,10086.13356,0.02425,MS,2021-07-14,3,1,2021-07-14,-22.4718855,-46.6291034
Brazil,SP,Águas de Santa Bárbara/SP,3500550,35061,Vale do Jurumirim,15,512,245.53937,8381.0771,0.0293,MS,2021-07-14,5,0,2021-07-14,-22.8821912,-49.2383956
Brazil,SP,Águas de São Pedro/SP,3500600,35103,Piracicaba,9,343,255.6092,9741.5507,0.02624,MS,2021-07-14,5,0,2021-07-14,-22.6000681,-47.8750887
Brazil,SP,Álvares Florence/SP,3501202,35157,Votuporanga,14,488,383.87716,13380.86098,0.02869,MS,2021-07-14,3,0,2021-07-14,-20.3205523,-49.9085255
Brazil,SP,Álvares Machado/SP,3501301,35112,Alta Sorocabana,67,2170,268.02144,8680.69446,0.03088,MS,2021-07-14,9,1,2021-07-14,-22.076415,-51.47224
Brazil,SP,Álvaro de Carvalho/SP,3501400,35093,Marília,9,154,170.64846,2919.98483,0.05844,MS,2021-07-14,0,0,2021-07-14,-22.0787992,-49.7194861
Brazil,SP,Óleo/SP,3533809,35094,Ourinhos,1,120,40.46945,4856.33347,0.00833,MS,2021-07-14,2,0,2021-07-14,-22.9422754,-49.3408082